video_path,label
C:\Users\Tanish Garg\.cache\kagglehub\datasets\sanikatiwarekar\deep-fake-detection-dfd-entire-original-dataset\DFD_manipulated_sequences\01_27__meeting_serious__ZYCZ30C0.mp4,fake
C:\Users\Tanish Garg\.cache\kagglehub\datasets\sanikatiwarekar\deep-fake-detection-dfd-entire-original-dataset\DFD_original sequences\13__walking_down_indoor_hall_disgust.mp4,real
C:\Users\Tanish Garg\.cache\kagglehub\datasets\sanikatiwarekar\deep-fake-detection-dfd-entire-original-dataset\DFD_manipulated_sequences\19_22__outside_talking_pan_laughing__VK6BF5NV.mp4,fake
C:\Users\Tanish Garg\.cache\kagglehub\datasets\sanikatiwarekar\deep-fake-detection-dfd-entire-original-dataset\DFD_original sequences\15__walking_down_indoor_hall_disgust.mp4,real
C:\Users\Tanish Garg\.cache\kagglehub\datasets\sanikatiwarekar\deep-fake-detection-dfd-entire-original-dataset\DFD_manipulated_sequences\21_07__kitchen_pan__K7KXUHMU.mp4,fake
C:\Users\Tanish Garg\.cache\kagglehub\datasets\sanikatiwarekar\deep-fake-detection-dfd-entire-original-dataset\DFD_manipulated_sequences\02_13__kitchen_pan__CP5HFV3K.mp4,fake
C:\Users\Tanish Garg\.cache\kagglehub\datasets\sanikatiwarekar\deep-fake-detection-dfd-entire-original-dataset\DFD_manipulated_sequences\16_05__walking_down_street_outside_angry__94435UY3.mp4,fake
C:\Users\Tanish Garg\.cache\kagglehub\datasets\sanikatiwarekar\deep-fake-detection-dfd-entire-original-dataset\DFD_original sequences\23__outside_talking_pan_laughing.mp4,real
C:\Users\Tanish Garg\.cache\kagglehub\datasets\sanikatiwarekar\deep-fake-detection-dfd-entire-original-dataset\DFD_manipulated_sequences\27_02__podium_speech_happy__FV8M8O2C.mp4,fake
C:\Users\Tanish Garg\.cache\kagglehub\datasets\sanikatiwarekar\deep-fake-detection-dfd-entire-original-dataset\DFD_manipulated_sequences\02_06__kitchen_pan__0M6JNS5D.mp4,fake
C:\Users\Tanish Garg\.cache\kagglehub\datasets\sanikatiwarekar\deep-fake-detection-dfd-entire-original-dataset\DFD_original sequences\04__outside_talking_still_laughing.mp4,real
C:\Users\Tanish Garg\.cache\kagglehub\datasets\sanikatiwarekar\deep-fake-detection-dfd-entire-original-dataset\DFD_original sequences\28__kitchen_pan.mp4,real
C:\Users\Tanish Garg\.cache\kagglehub\datasets\sanikatiwarekar\deep-fake-detection-dfd-entire-original-dataset\DFD_manipulated_sequences\03_07__walking_down_indoor_hall_disgust__CDSNLDQ8.mp4,fake
C:\Users\Tanish Garg\.cache\kagglehub\datasets\sanikatiwarekar\deep-fake-detection-dfd-entire-original-dataset\DFD_manipulated_sequences\13_18__kitchen_still__3II4T6H5.mp4,fake
C:\Users\Tanish Garg\.cache\kagglehub\datasets\sanikatiwarekar\deep-fake-detection-dfd-entire-original-dataset\DFD_original sequences\21__talking_against_wall.mp4,real
C:\Users\Tanish Garg\.cache\kagglehub\datasets\sanikatiwarekar\deep-fake-detection-dfd-entire-original-dataset\DFD_manipulated_sequences\11_18__secret_conversation__JJ1YREUN.mp4,fake
C:\Users\Tanish Garg\.cache\kagglehub\datasets\sanikatiwarekar\deep-fake-detection-dfd-entire-original-dataset\DFD_original sequences\27__walking_down_street_outside_angry.mp4,real
C:\Users\Tanish Garg\.cache\kagglehub\datasets\sanikatiwarekar\deep-fake-detection-dfd-entire-original-dataset\DFD_original sequences\05__walk_down_hall_angry.mp4,real
C:\Users\Tanish Garg\.cache\kagglehub\datasets\sanikatiwarekar\deep-fake-detection-dfd-entire-original-dataset\DFD_original sequences\14__walking_down_indoor_hall_disgust.mp4,real
C:\Users\Tanish Garg\.cache\kagglehub\datasets\sanikatiwarekar\deep-fake-detection-dfd-entire-original-dataset\DFD_original sequences\24__kitchen_pan.mp4,real
C:\Users\Tanish Garg\.cache\kagglehub\datasets\sanikatiwarekar\deep-fake-detection-dfd-entire-original-dataset\DFD_original sequences\12__walk_down_hall_angry.mp4,real
C:\Users\Tanish Garg\.cache\kagglehub\datasets\sanikatiwarekar\deep-fake-detection-dfd-entire-original-dataset\DFD_original sequences\27__meeting_serious.mp4,real
C:\Users\Tanish Garg\.cache\kagglehub\datasets\sanikatiwarekar\deep-fake-detection-dfd-entire-original-dataset\DFD_original sequences\20__hugging_happy.mp4,real
C:\Users\Tanish Garg\.cache\kagglehub\datasets\sanikatiwarekar\deep-fake-detection-dfd-entire-original-dataset\DFD_original sequences\26__talking_angry_couch.mp4,real
C:\Users\Tanish Garg\.cache\kagglehub\datasets\sanikatiwarekar\deep-fake-detection-dfd-entire-original-dataset\DFD_manipulated_sequences\09_02__podium_speech_happy__9TDCEK1Q.mp4,fake
C:\Users\Tanish Garg\.cache\kagglehub\datasets\sanikatiwarekar\deep-fake-detection-dfd-entire-original-dataset\DFD_manipulated_sequences\06_03__talking_against_wall__4I8LRXWF.mp4,fake
C:\Users\Tanish Garg\.cache\kagglehub\datasets\sanikatiwarekar\deep-fake-detection-dfd-entire-original-dataset\DFD_manipulated_sequences\28_05__walking_down_street_outside_angry__U9LRLJ6N.mp4,fake
C:\Users\Tanish Garg\.cache\kagglehub\datasets\sanikatiwarekar\deep-fake-detection-dfd-entire-original-dataset\DFD_original sequences\08__exit_phone_room.mp4,real
C:\Users\Tanish Garg\.cache\kagglehub\datasets\sanikatiwarekar\deep-fake-detection-dfd-entire-original-dataset\DFD_manipulated_sequences\14_07__outside_talking_still_laughing__P9QFO50U.mp4,fake
C:\Users\Tanish Garg\.cache\kagglehub\datasets\sanikatiwarekar\deep-fake-detection-dfd-entire-original-dataset\DFD_manipulated_sequences\03_09__talking_angry_couch__RCETIXYL.mp4,fake
C:\Users\Tanish Garg\.cache\kagglehub\datasets\sanikatiwarekar\deep-fake-detection-dfd-entire-original-dataset\DFD_manipulated_sequences\26_18__walk_down_hall_angry__UMEX6HWU.mp4,fake
C:\Users\Tanish Garg\.cache\kagglehub\datasets\sanikatiwarekar\deep-fake-detection-dfd-entire-original-dataset\DFD_original sequences\13__kitchen_still.mp4,real
C:\Users\Tanish Garg\.cache\kagglehub\datasets\sanikatiwarekar\deep-fake-detection-dfd-entire-original-dataset\DFD_original sequences\15__walking_and_outside_surprised.mp4,real
C:\Users\Tanish Garg\.cache\kagglehub\datasets\sanikatiwarekar\deep-fake-detection-dfd-entire-original-dataset\DFD_original sequences\02__walking_outside_cafe_disgusted.mp4,real
C:\Users\Tanish Garg\.cache\kagglehub\datasets\sanikatiwarekar\deep-fake-detection-dfd-entire-original-dataset\DFD_manipulated_sequences\11_18__outside_talking_pan_laughing__PT4YKO2R.mp4,fake
C:\Users\Tanish Garg\.cache\kagglehub\datasets\sanikatiwarekar\deep-fake-detection-dfd-entire-original-dataset\DFD_original sequences\12__kitchen_pan.mp4,real
C:\Users\Tanish Garg\.cache\kagglehub\datasets\sanikatiwarekar\deep-fake-detection-dfd-entire-original-dataset\DFD_original sequences\03__walk_down_hall_angry.mp4,real
C:\Users\Tanish Garg\.cache\kagglehub\datasets\sanikatiwarekar\deep-fake-detection-dfd-entire-original-dataset\DFD_manipulated_sequences\19_24__podium_speech_happy__LVZNRK9S.mp4,fake
C:\Users\Tanish Garg\.cache\kagglehub\datasets\sanikatiwarekar\deep-fake-detection-dfd-entire-original-dataset\DFD_original sequences\01__walking_down_street_outside_angry.mp4,real
C:\Users\Tanish Garg\.cache\kagglehub\datasets\sanikatiwarekar\deep-fake-detection-dfd-entire-original-dataset\DFD_original sequences\07__podium_speech_happy.mp4,real
C:\Users\Tanish Garg\.cache\kagglehub\datasets\sanikatiwarekar\deep-fake-detection-dfd-entire-original-dataset\DFD_manipulated_sequences\14_06__hugging_happy__8U9ULZDT.mp4,fake
C:\Users\Tanish Garg\.cache\kagglehub\datasets\sanikatiwarekar\deep-fake-detection-dfd-entire-original-dataset\DFD_original sequences\10__talking_angry_couch.mp4,real
C:\Users\Tanish Garg\.cache\kagglehub\datasets\sanikatiwarekar\deep-fake-detection-dfd-entire-original-dataset\DFD_manipulated_sequences\13_09__walking_down_street_outside_angry__8YDMHH02.mp4,fake
C:\Users\Tanish Garg\.cache\kagglehub\datasets\sanikatiwarekar\deep-fake-detection-dfd-entire-original-dataset\DFD_manipulated_sequences\14_01__hugging_happy__0S0NS5C6.mp4,fake
C:\Users\Tanish Garg\.cache\kagglehub\datasets\sanikatiwarekar\deep-fake-detection-dfd-entire-original-dataset\DFD_original sequences\09__kitchen_pan.mp4,real
C:\Users\Tanish Garg\.cache\kagglehub\datasets\sanikatiwarekar\deep-fake-detection-dfd-entire-original-dataset\DFD_original sequences\23__talking_angry_couch.mp4,real
C:\Users\Tanish Garg\.cache\kagglehub\datasets\sanikatiwarekar\deep-fake-detection-dfd-entire-original-dataset\DFD_original sequences\04__kitchen_still.mp4,real
C:\Users\Tanish Garg\.cache\kagglehub\datasets\sanikatiwarekar\deep-fake-detection-dfd-entire-original-dataset\DFD_original sequences\24__talking_angry_couch.mp4,real
C:\Users\Tanish Garg\.cache\kagglehub\datasets\sanikatiwarekar\deep-fake-detection-dfd-entire-original-dataset\DFD_manipulated_sequences\20_21__walk_down_hall_angry__ZCB5OMEW.mp4,fake
C:\Users\Tanish Garg\.cache\kagglehub\datasets\sanikatiwarekar\deep-fake-detection-dfd-entire-original-dataset\DFD_manipulated_sequences\21_25__outside_talking_pan_laughing__2R46UX3R.mp4,fake
C:\Users\Tanish Garg\.cache\kagglehub\datasets\sanikatiwarekar\deep-fake-detection-dfd-entire-original-dataset\DFD_original sequences\16__walking_outside_cafe_disgusted.mp4,real
C:\Users\Tanish Garg\.cache\kagglehub\datasets\sanikatiwarekar\deep-fake-detection-dfd-entire-original-dataset\DFD_manipulated_sequences\02_15__walk_down_hall_angry__TN2CWM3K.mp4,fake
C:\Users\Tanish Garg\.cache\kagglehub\datasets\sanikatiwarekar\deep-fake-detection-dfd-entire-original-dataset\DFD_original sequences\08__outside_talking_still_laughing.mp4,real
C:\Users\Tanish Garg\.cache\kagglehub\datasets\sanikatiwarekar\deep-fake-detection-dfd-entire-original-dataset\DFD_original sequences\19__walk_down_hall_angry.mp4,real
C:\Users\Tanish Garg\.cache\kagglehub\datasets\sanikatiwarekar\deep-fake-detection-dfd-entire-original-dataset\DFD_original sequences\07__kitchen_still.mp4,real
C:\Users\Tanish Garg\.cache\kagglehub\datasets\sanikatiwarekar\deep-fake-detection-dfd-entire-original-dataset\DFD_original sequences\07__outside_talking_pan_laughing.mp4,real
C:\Users\Tanish Garg\.cache\kagglehub\datasets\sanikatiwarekar\deep-fake-detection-dfd-entire-original-dataset\DFD_original sequences\24__kitchen_still.mp4,real
C:\Users\Tanish Garg\.cache\kagglehub\datasets\sanikatiwarekar\deep-fake-detection-dfd-entire-original-dataset\DFD_original sequences\28__outside_talking_still_laughing.mp4,real
C:\Users\Tanish Garg\.cache\kagglehub\datasets\sanikatiwarekar\deep-fake-detection-dfd-entire-original-dataset\DFD_manipulated_sequences\01_04__walking_down_street_outside_angry__GBC7ZGDP.mp4,fake
C:\Users\Tanish Garg\.cache\kagglehub\datasets\sanikatiwarekar\deep-fake-detection-dfd-entire-original-dataset\DFD_original sequences\26__walk_down_hall_angry.mp4,real
C:\Users\Tanish Garg\.cache\kagglehub\datasets\sanikatiwarekar\deep-fake-detection-dfd-entire-original-dataset\DFD_manipulated_sequences\16_08__hugging_happy__8Q7JCS95.mp4,fake
C:\Users\Tanish Garg\.cache\kagglehub\datasets\sanikatiwarekar\deep-fake-detection-dfd-entire-original-dataset\DFD_original sequences\03__outside_talking_still_laughing.mp4,real
C:\Users\Tanish Garg\.cache\kagglehub\datasets\sanikatiwarekar\deep-fake-detection-dfd-entire-original-dataset\DFD_original sequences\03__hugging_happy.mp4,real
C:\Users\Tanish Garg\.cache\kagglehub\datasets\sanikatiwarekar\deep-fake-detection-dfd-entire-original-dataset\DFD_manipulated_sequences\26_06__podium_speech_happy__L5BVR5L9.mp4,fake
C:\Users\Tanish Garg\.cache\kagglehub\datasets\sanikatiwarekar\deep-fake-detection-dfd-entire-original-dataset\DFD_manipulated_sequences\09_26__talking_against_wall__C3K20JOL.mp4,fake
C:\Users\Tanish Garg\.cache\kagglehub\datasets\sanikatiwarekar\deep-fake-detection-dfd-entire-original-dataset\DFD_original sequences\17__outside_talking_still_laughing.mp4,real
C:\Users\Tanish Garg\.cache\kagglehub\datasets\sanikatiwarekar\deep-fake-detection-dfd-entire-original-dataset\DFD_manipulated_sequences\09_21__talking_angry_couch__Z8H2TRCI.mp4,fake
C:\Users\Tanish Garg\.cache\kagglehub\datasets\sanikatiwarekar\deep-fake-detection-dfd-entire-original-dataset\DFD_original sequences\07__walk_down_hall_angry.mp4,real
C:\Users\Tanish Garg\.cache\kagglehub\datasets\sanikatiwarekar\deep-fake-detection-dfd-entire-original-dataset\DFD_manipulated_sequences\26_04__talking_against_wall__WX836VLY.mp4,fake
C:\Users\Tanish Garg\.cache\kagglehub\datasets\sanikatiwarekar\deep-fake-detection-dfd-entire-original-dataset\DFD_manipulated_sequences\25_12__walking_outside_cafe_disgusted__G26LG5N7.mp4,fake
C:\Users\Tanish Garg\.cache\kagglehub\datasets\sanikatiwarekar\deep-fake-detection-dfd-entire-original-dataset\DFD_manipulated_sequences\15_02__talking_angry_couch__I8G2LWD1.mp4,fake
C:\Users\Tanish Garg\.cache\kagglehub\datasets\sanikatiwarekar\deep-fake-detection-dfd-entire-original-dataset\DFD_original sequences\01__walking_outside_cafe_disgusted.mp4,real
C:\Users\Tanish Garg\.cache\kagglehub\datasets\sanikatiwarekar\deep-fake-detection-dfd-entire-original-dataset\DFD_original sequences\04__podium_speech_happy.mp4,real
C:\Users\Tanish Garg\.cache\kagglehub\datasets\sanikatiwarekar\deep-fake-detection-dfd-entire-original-dataset\DFD_original sequences\03__talking_angry_couch.mp4,real
C:\Users\Tanish Garg\.cache\kagglehub\datasets\sanikatiwarekar\deep-fake-detection-dfd-entire-original-dataset\DFD_manipulated_sequences\14_03__exit_phone_room__0O9TTCJT.mp4,fake
C:\Users\Tanish Garg\.cache\kagglehub\datasets\sanikatiwarekar\deep-fake-detection-dfd-entire-original-dataset\DFD_manipulated_sequences\15_20__kitchen_pan__99NHTFBM.mp4,fake
C:\Users\Tanish Garg\.cache\kagglehub\datasets\sanikatiwarekar\deep-fake-detection-dfd-entire-original-dataset\DFD_original sequences\18__walking_outside_cafe_disgusted.mp4,real
C:\Users\Tanish Garg\.cache\kagglehub\datasets\sanikatiwarekar\deep-fake-detection-dfd-entire-original-dataset\DFD_manipulated_sequences\03_07__podium_speech_happy__6PHZRQ4H.mp4,fake
C:\Users\Tanish Garg\.cache\kagglehub\datasets\sanikatiwarekar\deep-fake-detection-dfd-entire-original-dataset\DFD_manipulated_sequences\25_11__podium_speech_happy__JX0SAMTC.mp4,fake
C:\Users\Tanish Garg\.cache\kagglehub\datasets\sanikatiwarekar\deep-fake-detection-dfd-entire-original-dataset\DFD_manipulated_sequences\15_21__hugging_happy__87WSBJP3.mp4,fake
C:\Users\Tanish Garg\.cache\kagglehub\datasets\sanikatiwarekar\deep-fake-detection-dfd-entire-original-dataset\DFD_original sequences\20__walking_down_street_outside_angry.mp4,real
C:\Users\Tanish Garg\.cache\kagglehub\datasets\sanikatiwarekar\deep-fake-detection-dfd-entire-original-dataset\DFD_original sequences\25__outside_talking_pan_laughing.mp4,real
C:\Users\Tanish Garg\.cache\kagglehub\datasets\sanikatiwarekar\deep-fake-detection-dfd-entire-original-dataset\DFD_original sequences\28__outside_talking_pan_laughing.mp4,real
C:\Users\Tanish Garg\.cache\kagglehub\datasets\sanikatiwarekar\deep-fake-detection-dfd-entire-original-dataset\DFD_original sequences\17__walking_down_street_outside_angry.mp4,real
C:\Users\Tanish Garg\.cache\kagglehub\datasets\sanikatiwarekar\deep-fake-detection-dfd-entire-original-dataset\DFD_manipulated_sequences\15_14__outside_talking_still_laughing__RNHLLKSQ.mp4,fake
C:\Users\Tanish Garg\.cache\kagglehub\datasets\sanikatiwarekar\deep-fake-detection-dfd-entire-original-dataset\DFD_original sequences\01__exit_phone_room.mp4,real
C:\Users\Tanish Garg\.cache\kagglehub\datasets\sanikatiwarekar\deep-fake-detection-dfd-entire-original-dataset\DFD_original sequences\10__podium_speech_happy.mp4,real
C:\Users\Tanish Garg\.cache\kagglehub\datasets\sanikatiwarekar\deep-fake-detection-dfd-entire-original-dataset\DFD_manipulated_sequences\18_26__walking_down_street_outside_angry__UMEX6HWU.mp4,fake
C:\Users\Tanish Garg\.cache\kagglehub\datasets\sanikatiwarekar\deep-fake-detection-dfd-entire-original-dataset\DFD_original sequences\14__kitchen_still.mp4,real
C:\Users\Tanish Garg\.cache\kagglehub\datasets\sanikatiwarekar\deep-fake-detection-dfd-entire-original-dataset\DFD_manipulated_sequences\13_02__walking_down_street_outside_angry__2YSYT2N3.mp4,fake
C:\Users\Tanish Garg\.cache\kagglehub\datasets\sanikatiwarekar\deep-fake-detection-dfd-entire-original-dataset\DFD_manipulated_sequences\12_15__secret_conversation__RK17XFJ9.mp4,fake
C:\Users\Tanish Garg\.cache\kagglehub\datasets\sanikatiwarekar\deep-fake-detection-dfd-entire-original-dataset\DFD_manipulated_sequences\26_25__talking_against_wall__PQ41U3IJ.mp4,fake
C:\Users\Tanish Garg\.cache\kagglehub\datasets\sanikatiwarekar\deep-fake-detection-dfd-entire-original-dataset\DFD_original sequences\27__walk_down_hall_angry.mp4,real
C:\Users\Tanish Garg\.cache\kagglehub\datasets\sanikatiwarekar\deep-fake-detection-dfd-entire-original-dataset\DFD_manipulated_sequences\12_13__kitchen_still__BFH4F0N8.mp4,fake
C:\Users\Tanish Garg\.cache\kagglehub\datasets\sanikatiwarekar\deep-fake-detection-dfd-entire-original-dataset\DFD_manipulated_sequences\01_03__podium_speech_happy__480LQD1C.mp4,fake
C:\Users\Tanish Garg\.cache\kagglehub\datasets\sanikatiwarekar\deep-fake-detection-dfd-entire-original-dataset\DFD_original sequences\05__talking_against_wall.mp4,real
C:\Users\Tanish Garg\.cache\kagglehub\datasets\sanikatiwarekar\deep-fake-detection-dfd-entire-original-dataset\DFD_manipulated_sequences\03_18__podium_speech_happy__22UBC0BS.mp4,fake
C:\Users\Tanish Garg\.cache\kagglehub\datasets\sanikatiwarekar\deep-fake-detection-dfd-entire-original-dataset\DFD_original sequences\27__walking_and_outside_surprised.mp4,real
C:\Users\Tanish Garg\.cache\kagglehub\datasets\sanikatiwarekar\deep-fake-detection-dfd-entire-original-dataset\DFD_manipulated_sequences\20_26__kitchen_pan__34DJQS3E.mp4,fake
C:\Users\Tanish Garg\.cache\kagglehub\datasets\sanikatiwarekar\deep-fake-detection-dfd-entire-original-dataset\DFD_original sequences\22__walking_outside_cafe_disgusted.mp4,real
C:\Users\Tanish Garg\.cache\kagglehub\datasets\sanikatiwarekar\deep-fake-detection-dfd-entire-original-dataset\DFD_original sequences\06__kitchen_pan.mp4,real
C:\Users\Tanish Garg\.cache\kagglehub\datasets\sanikatiwarekar\deep-fake-detection-dfd-entire-original-dataset\DFD_manipulated_sequences\14_13__outside_talking_pan_laughing__KMQ3AW6A.mp4,fake
C:\Users\Tanish Garg\.cache\kagglehub\datasets\sanikatiwarekar\deep-fake-detection-dfd-entire-original-dataset\DFD_manipulated_sequences\24_19__outside_talking_pan_laughing__59PN7WZ2.mp4,fake
C:\Users\Tanish Garg\.cache\kagglehub\datasets\sanikatiwarekar\deep-fake-detection-dfd-entire-original-dataset\DFD_original sequences\12__hugging_happy.mp4,real
C:\Users\Tanish Garg\.cache\kagglehub\datasets\sanikatiwarekar\deep-fake-detection-dfd-entire-original-dataset\DFD_manipulated_sequences\01_20__walk_down_hall_angry__FW94AIMJ.mp4,fake
C:\Users\Tanish Garg\.cache\kagglehub\datasets\sanikatiwarekar\deep-fake-detection-dfd-entire-original-dataset\DFD_original sequences\16__kitchen_still.mp4,real
C:\Users\Tanish Garg\.cache\kagglehub\datasets\sanikatiwarekar\deep-fake-detection-dfd-entire-original-dataset\DFD_original sequences\17__exit_phone_room.mp4,real
C:\Users\Tanish Garg\.cache\kagglehub\datasets\sanikatiwarekar\deep-fake-detection-dfd-entire-original-dataset\DFD_original sequences\22__outside_talking_still_laughing.mp4,real
C:\Users\Tanish Garg\.cache\kagglehub\datasets\sanikatiwarekar\deep-fake-detection-dfd-entire-original-dataset\DFD_manipulated_sequences\15_14__walking_and_outside_surprised__OMLZILK3.mp4,fake
C:\Users\Tanish Garg\.cache\kagglehub\datasets\sanikatiwarekar\deep-fake-detection-dfd-entire-original-dataset\DFD_original sequences\17__podium_speech_happy.mp4,real
C:\Users\Tanish Garg\.cache\kagglehub\datasets\sanikatiwarekar\deep-fake-detection-dfd-entire-original-dataset\DFD_original sequences\17__walking_and_outside_surprised.mp4,real
C:\Users\Tanish Garg\.cache\kagglehub\datasets\sanikatiwarekar\deep-fake-detection-dfd-entire-original-dataset\DFD_original sequences\04__walk_down_hall_angry.mp4,real
C:\Users\Tanish Garg\.cache\kagglehub\datasets\sanikatiwarekar\deep-fake-detection-dfd-entire-original-dataset\DFD_manipulated_sequences\18_14__kitchen_still__A5A1Q467.mp4,fake
C:\Users\Tanish Garg\.cache\kagglehub\datasets\sanikatiwarekar\deep-fake-detection-dfd-entire-original-dataset\DFD_manipulated_sequences\04_11__outside_talking_still_laughing__JRQWOV1G.mp4,fake
C:\Users\Tanish Garg\.cache\kagglehub\datasets\sanikatiwarekar\deep-fake-detection-dfd-entire-original-dataset\DFD_manipulated_sequences\03_18__secret_conversation__32DBR8L4.mp4,fake
C:\Users\Tanish Garg\.cache\kagglehub\datasets\sanikatiwarekar\deep-fake-detection-dfd-entire-original-dataset\DFD_manipulated_sequences\02_01__exit_phone_room__YVGY8LOK.mp4,fake
C:\Users\Tanish Garg\.cache\kagglehub\datasets\sanikatiwarekar\deep-fake-detection-dfd-entire-original-dataset\DFD_manipulated_sequences\09_13__walk_down_hall_angry__BVZGDFD8.mp4,fake
C:\Users\Tanish Garg\.cache\kagglehub\datasets\sanikatiwarekar\deep-fake-detection-dfd-entire-original-dataset\DFD_original sequences\01__outside_talking_still_laughing.mp4,real
C:\Users\Tanish Garg\.cache\kagglehub\datasets\sanikatiwarekar\deep-fake-detection-dfd-entire-original-dataset\DFD_manipulated_sequences\21_09__walk_down_hall_angry__WBPEX4CU.mp4,fake
C:\Users\Tanish Garg\.cache\kagglehub\datasets\sanikatiwarekar\deep-fake-detection-dfd-entire-original-dataset\DFD_original sequences\14__hugging_happy.mp4,real
C:\Users\Tanish Garg\.cache\kagglehub\datasets\sanikatiwarekar\deep-fake-detection-dfd-entire-original-dataset\DFD_original sequences\22__walking_down_indoor_hall_disgust.mp4,real
C:\Users\Tanish Garg\.cache\kagglehub\datasets\sanikatiwarekar\deep-fake-detection-dfd-entire-original-dataset\DFD_manipulated_sequences\03_14__exit_phone_room__H0VQHGS3.mp4,fake
C:\Users\Tanish Garg\.cache\kagglehub\datasets\sanikatiwarekar\deep-fake-detection-dfd-entire-original-dataset\DFD_manipulated_sequences\01_11__hugging_happy__P06JKA75.mp4,fake
C:\Users\Tanish Garg\.cache\kagglehub\datasets\sanikatiwarekar\deep-fake-detection-dfd-entire-original-dataset\DFD_original sequences\07__talking_against_wall.mp4,real
C:\Users\Tanish Garg\.cache\kagglehub\datasets\sanikatiwarekar\deep-fake-detection-dfd-entire-original-dataset\DFD_manipulated_sequences\23_10__secret_conversation__CU6SNBFZ.mp4,fake
C:\Users\Tanish Garg\.cache\kagglehub\datasets\sanikatiwarekar\deep-fake-detection-dfd-entire-original-dataset\DFD_original sequences\25__outside_talking_still_laughing.mp4,real
C:\Users\Tanish Garg\.cache\kagglehub\datasets\sanikatiwarekar\deep-fake-detection-dfd-entire-original-dataset\DFD_manipulated_sequences\20_25__hugging_happy__RSCD7KXO.mp4,fake
C:\Users\Tanish Garg\.cache\kagglehub\datasets\sanikatiwarekar\deep-fake-detection-dfd-entire-original-dataset\DFD_manipulated_sequences\09_02__walking_down_street_outside_angry__6KUOFMZW.mp4,fake
C:\Users\Tanish Garg\.cache\kagglehub\datasets\sanikatiwarekar\deep-fake-detection-dfd-entire-original-dataset\DFD_original sequences\23__kitchen_pan.mp4,real
C:\Users\Tanish Garg\.cache\kagglehub\datasets\sanikatiwarekar\deep-fake-detection-dfd-entire-original-dataset\DFD_original sequences\24__walking_outside_cafe_disgusted.mp4,real
C:\Users\Tanish Garg\.cache\kagglehub\datasets\sanikatiwarekar\deep-fake-detection-dfd-entire-original-dataset\DFD_manipulated_sequences\14_18__walking_down_indoor_hall_disgust__0YRBHIKG.mp4,fake
C:\Users\Tanish Garg\.cache\kagglehub\datasets\sanikatiwarekar\deep-fake-detection-dfd-entire-original-dataset\DFD_manipulated_sequences\25_27__walk_down_hall_angry__GNIMW95Z.mp4,fake
C:\Users\Tanish Garg\.cache\kagglehub\datasets\sanikatiwarekar\deep-fake-detection-dfd-entire-original-dataset\DFD_original sequences\16__kitchen_pan.mp4,real
C:\Users\Tanish Garg\.cache\kagglehub\datasets\sanikatiwarekar\deep-fake-detection-dfd-entire-original-dataset\DFD_original sequences\11__secret_conversation.mp4,real
C:\Users\Tanish Garg\.cache\kagglehub\datasets\sanikatiwarekar\deep-fake-detection-dfd-entire-original-dataset\DFD_manipulated_sequences\16_08__walking_down_indoor_hall_disgust__8Q7JCS95.mp4,fake
C:\Users\Tanish Garg\.cache\kagglehub\datasets\sanikatiwarekar\deep-fake-detection-dfd-entire-original-dataset\DFD_manipulated_sequences\03_15__walking_and_outside_surprised__OY4I7ZU8.mp4,fake
C:\Users\Tanish Garg\.cache\kagglehub\datasets\sanikatiwarekar\deep-fake-detection-dfd-entire-original-dataset\DFD_original sequences\01__kitchen_pan.mp4,real
C:\Users\Tanish Garg\.cache\kagglehub\datasets\sanikatiwarekar\deep-fake-detection-dfd-entire-original-dataset\DFD_original sequences\03__walking_down_street_outside_angry.mp4,real
C:\Users\Tanish Garg\.cache\kagglehub\datasets\sanikatiwarekar\deep-fake-detection-dfd-entire-original-dataset\DFD_manipulated_sequences\14_07__walk_down_hall_angry__P9QFO50U.mp4,fake
C:\Users\Tanish Garg\.cache\kagglehub\datasets\sanikatiwarekar\deep-fake-detection-dfd-entire-original-dataset\DFD_original sequences\24__exit_phone_room.mp4,real
C:\Users\Tanish Garg\.cache\kagglehub\datasets\sanikatiwarekar\deep-fake-detection-dfd-entire-original-dataset\DFD_original sequences\02__meeting_serious.mp4,real
C:\Users\Tanish Garg\.cache\kagglehub\datasets\sanikatiwarekar\deep-fake-detection-dfd-entire-original-dataset\DFD_manipulated_sequences\18_20__outside_talking_pan_laughing__8BMQOD7S.mp4,fake
C:\Users\Tanish Garg\.cache\kagglehub\datasets\sanikatiwarekar\deep-fake-detection-dfd-entire-original-dataset\DFD_manipulated_sequences\06_03__hugging_happy__4I8LRXWF.mp4,fake
C:\Users\Tanish Garg\.cache\kagglehub\datasets\sanikatiwarekar\deep-fake-detection-dfd-entire-original-dataset\DFD_manipulated_sequences\13_03__walking_outside_cafe_disgusted__GBYWJW06.mp4,fake
C:\Users\Tanish Garg\.cache\kagglehub\datasets\sanikatiwarekar\deep-fake-detection-dfd-entire-original-dataset\DFD_original sequences\22__talking_against_wall.mp4,real
C:\Users\Tanish Garg\.cache\kagglehub\datasets\sanikatiwarekar\deep-fake-detection-dfd-entire-original-dataset\DFD_original sequences\06__walking_and_outside_surprised.mp4,real
C:\Users\Tanish Garg\.cache\kagglehub\datasets\sanikatiwarekar\deep-fake-detection-dfd-entire-original-dataset\DFD_manipulated_sequences\02_18__walking_and_outside_surprised__B95S4G6F.mp4,fake
C:\Users\Tanish Garg\.cache\kagglehub\datasets\sanikatiwarekar\deep-fake-detection-dfd-entire-original-dataset\DFD_manipulated_sequences\14_18__walking_and_outside_surprised__A5A1Q467.mp4,fake
C:\Users\Tanish Garg\.cache\kagglehub\datasets\sanikatiwarekar\deep-fake-detection-dfd-entire-original-dataset\DFD_manipulated_sequences\25_21__walking_down_street_outside_angry__2R46UX3R.mp4,fake
C:\Users\Tanish Garg\.cache\kagglehub\datasets\sanikatiwarekar\deep-fake-detection-dfd-entire-original-dataset\DFD_manipulated_sequences\03_06__kitchen_pan__1IXGY2FK.mp4,fake
C:\Users\Tanish Garg\.cache\kagglehub\datasets\sanikatiwarekar\deep-fake-detection-dfd-entire-original-dataset\DFD_manipulated_sequences\11_18__outside_talking_pan_laughing__KLKJ9FPE.mp4,fake
C:\Users\Tanish Garg\.cache\kagglehub\datasets\sanikatiwarekar\deep-fake-detection-dfd-entire-original-dataset\DFD_manipulated_sequences\26_12__talking_angry_couch__OVOQACG8.mp4,fake
C:\Users\Tanish Garg\.cache\kagglehub\datasets\sanikatiwarekar\deep-fake-detection-dfd-entire-original-dataset\DFD_manipulated_sequences\14_15__outside_talking_still_laughing__4SO1CSAM.mp4,fake
C:\Users\Tanish Garg\.cache\kagglehub\datasets\sanikatiwarekar\deep-fake-detection-dfd-entire-original-dataset\DFD_original sequences\06__walk_down_hall_angry.mp4,real
C:\Users\Tanish Garg\.cache\kagglehub\datasets\sanikatiwarekar\deep-fake-detection-dfd-entire-original-dataset\DFD_manipulated_sequences\21_25__walking_down_indoor_hall_disgust__2R46UX3R.mp4,fake
C:\Users\Tanish Garg\.cache\kagglehub\datasets\sanikatiwarekar\deep-fake-detection-dfd-entire-original-dataset\DFD_manipulated_sequences\01_20__walking_and_outside_surprised__6UBMLXK3.mp4,fake
C:\Users\Tanish Garg\.cache\kagglehub\datasets\sanikatiwarekar\deep-fake-detection-dfd-entire-original-dataset\DFD_original sequences\23__talking_against_wall.mp4,real
C:\Users\Tanish Garg\.cache\kagglehub\datasets\sanikatiwarekar\deep-fake-detection-dfd-entire-original-dataset\DFD_original sequences\21__walking_and_outside_surprised.mp4,real
C:\Users\Tanish Garg\.cache\kagglehub\datasets\sanikatiwarekar\deep-fake-detection-dfd-entire-original-dataset\DFD_manipulated_sequences\27_26__meeting_serious__IE9N0ZI9.mp4,fake
C:\Users\Tanish Garg\.cache\kagglehub\datasets\sanikatiwarekar\deep-fake-detection-dfd-entire-original-dataset\DFD_original sequences\23__exit_phone_room.mp4,real
C:\Users\Tanish Garg\.cache\kagglehub\datasets\sanikatiwarekar\deep-fake-detection-dfd-entire-original-dataset\DFD_original sequences\20__talking_angry_couch.mp4,real
C:\Users\Tanish Garg\.cache\kagglehub\datasets\sanikatiwarekar\deep-fake-detection-dfd-entire-original-dataset\DFD_manipulated_sequences\04_26__kitchen_pan__MS2MLJP1.mp4,fake
C:\Users\Tanish Garg\.cache\kagglehub\datasets\sanikatiwarekar\deep-fake-detection-dfd-entire-original-dataset\DFD_manipulated_sequences\15_07__podium_speech_happy__KM6M2TBT.mp4,fake
C:\Users\Tanish Garg\.cache\kagglehub\datasets\sanikatiwarekar\deep-fake-detection-dfd-entire-original-dataset\DFD_manipulated_sequences\13_12__walking_down_indoor_hall_disgust__SIA5P4HL.mp4,fake
C:\Users\Tanish Garg\.cache\kagglehub\datasets\sanikatiwarekar\deep-fake-detection-dfd-entire-original-dataset\DFD_original sequences\18__podium_speech_happy.mp4,real
C:\Users\Tanish Garg\.cache\kagglehub\datasets\sanikatiwarekar\deep-fake-detection-dfd-entire-original-dataset\DFD_original sequences\28__walk_down_hall_angry.mp4,real
C:\Users\Tanish Garg\.cache\kagglehub\datasets\sanikatiwarekar\deep-fake-detection-dfd-entire-original-dataset\DFD_manipulated_sequences\27_01__podium_speech_happy__S2YCUY48.mp4,fake
C:\Users\Tanish Garg\.cache\kagglehub\datasets\sanikatiwarekar\deep-fake-detection-dfd-entire-original-dataset\DFD_manipulated_sequences\20_21__hugging_happy__ZCB5OMEW.mp4,fake
C:\Users\Tanish Garg\.cache\kagglehub\datasets\sanikatiwarekar\deep-fake-detection-dfd-entire-original-dataset\DFD_original sequences\07__talking_angry_couch.mp4,real
C:\Users\Tanish Garg\.cache\kagglehub\datasets\sanikatiwarekar\deep-fake-detection-dfd-entire-original-dataset\DFD_original sequences\11__walking_down_street_outside_angry.mp4,real
C:\Users\Tanish Garg\.cache\kagglehub\datasets\sanikatiwarekar\deep-fake-detection-dfd-entire-original-dataset\DFD_manipulated_sequences\20_14__secret_conversation__B014BKVO.mp4,fake
C:\Users\Tanish Garg\.cache\kagglehub\datasets\sanikatiwarekar\deep-fake-detection-dfd-entire-original-dataset\DFD_manipulated_sequences\04_02__outside_talking_pan_laughing__8CH7R4LW.mp4,fake
C:\Users\Tanish Garg\.cache\kagglehub\datasets\sanikatiwarekar\deep-fake-detection-dfd-entire-original-dataset\DFD_manipulated_sequences\07_21__kitchen_still__K7KXUHMU.mp4,fake
C:\Users\Tanish Garg\.cache\kagglehub\datasets\sanikatiwarekar\deep-fake-detection-dfd-entire-original-dataset\DFD_original sequences\06__outside_talking_pan_laughing.mp4,real
C:\Users\Tanish Garg\.cache\kagglehub\datasets\sanikatiwarekar\deep-fake-detection-dfd-entire-original-dataset\DFD_original sequences\10__walking_down_street_outside_angry.mp4,real
C:\Users\Tanish Garg\.cache\kagglehub\datasets\sanikatiwarekar\deep-fake-detection-dfd-entire-original-dataset\DFD_manipulated_sequences\14_18__exit_phone_room__0YRBHIKG.mp4,fake
C:\Users\Tanish Garg\.cache\kagglehub\datasets\sanikatiwarekar\deep-fake-detection-dfd-entire-original-dataset\DFD_manipulated_sequences\20_13__walking_down_indoor_hall_disgust__VO2YZXLN.mp4,fake
C:\Users\Tanish Garg\.cache\kagglehub\datasets\sanikatiwarekar\deep-fake-detection-dfd-entire-original-dataset\DFD_original sequences\10__walk_down_hall_angry.mp4,real
C:\Users\Tanish Garg\.cache\kagglehub\datasets\sanikatiwarekar\deep-fake-detection-dfd-entire-original-dataset\DFD_original sequences\08__kitchen_pan.mp4,real
C:\Users\Tanish Garg\.cache\kagglehub\datasets\sanikatiwarekar\deep-fake-detection-dfd-entire-original-dataset\DFD_manipulated_sequences\05_28__exit_phone_room__U9LRLJ6N.mp4,fake
C:\Users\Tanish Garg\.cache\kagglehub\datasets\sanikatiwarekar\deep-fake-detection-dfd-entire-original-dataset\DFD_manipulated_sequences\07_15__walk_down_hall_angry__KM6M2TBT.mp4,fake
C:\Users\Tanish Garg\.cache\kagglehub\datasets\sanikatiwarekar\deep-fake-detection-dfd-entire-original-dataset\DFD_original sequences\13__outside_talking_pan_laughing.mp4,real
C:\Users\Tanish Garg\.cache\kagglehub\datasets\sanikatiwarekar\deep-fake-detection-dfd-entire-original-dataset\DFD_original sequences\18__walking_down_street_outside_angry.mp4,real
C:\Users\Tanish Garg\.cache\kagglehub\datasets\sanikatiwarekar\deep-fake-detection-dfd-entire-original-dataset\DFD_manipulated_sequences\14_06__podium_speech_happy__8U9ULZDT.mp4,fake
C:\Users\Tanish Garg\.cache\kagglehub\datasets\sanikatiwarekar\deep-fake-detection-dfd-entire-original-dataset\DFD_original sequences\04__walking_down_street_outside_angry.mp4,real
C:\Users\Tanish Garg\.cache\kagglehub\datasets\sanikatiwarekar\deep-fake-detection-dfd-entire-original-dataset\DFD_manipulated_sequences\02_12__outside_talking_pan_laughing__9D2ZHEKW.mp4,fake
C:\Users\Tanish Garg\.cache\kagglehub\datasets\sanikatiwarekar\deep-fake-detection-dfd-entire-original-dataset\DFD_original sequences\12__podium_speech_happy.mp4,real
C:\Users\Tanish Garg\.cache\kagglehub\datasets\sanikatiwarekar\deep-fake-detection-dfd-entire-original-dataset\DFD_manipulated_sequences\09_20__podium_speech_happy__O5X0AWR9.mp4,fake
C:\Users\Tanish Garg\.cache\kagglehub\datasets\sanikatiwarekar\deep-fake-detection-dfd-entire-original-dataset\DFD_original sequences\21__outside_talking_still_laughing.mp4,real
C:\Users\Tanish Garg\.cache\kagglehub\datasets\sanikatiwarekar\deep-fake-detection-dfd-entire-original-dataset\DFD_manipulated_sequences\24_19__kitchen_pan__QD5K7BP2.mp4,fake
C:\Users\Tanish Garg\.cache\kagglehub\datasets\sanikatiwarekar\deep-fake-detection-dfd-entire-original-dataset\DFD_original sequences\12__walking_down_indoor_hall_disgust.mp4,real
C:\Users\Tanish Garg\.cache\kagglehub\datasets\sanikatiwarekar\deep-fake-detection-dfd-entire-original-dataset\DFD_original sequences\20__walk_down_hall_angry.mp4,real
C:\Users\Tanish Garg\.cache\kagglehub\datasets\sanikatiwarekar\deep-fake-detection-dfd-entire-original-dataset\DFD_manipulated_sequences\02_09__outside_talking_pan_laughing__HIH8YA82.mp4,fake
C:\Users\Tanish Garg\.cache\kagglehub\datasets\sanikatiwarekar\deep-fake-detection-dfd-entire-original-dataset\DFD_manipulated_sequences\04_15__walk_down_hall_angry__7NW4Z6WZ.mp4,fake
C:\Users\Tanish Garg\.cache\kagglehub\datasets\sanikatiwarekar\deep-fake-detection-dfd-entire-original-dataset\DFD_manipulated_sequences\14_20__walk_down_hall_angry__B014BKVO.mp4,fake
C:\Users\Tanish Garg\.cache\kagglehub\datasets\sanikatiwarekar\deep-fake-detection-dfd-entire-original-dataset\DFD_original sequences\13__kitchen_pan.mp4,real
C:\Users\Tanish Garg\.cache\kagglehub\datasets\sanikatiwarekar\deep-fake-detection-dfd-entire-original-dataset\DFD_manipulated_sequences\01_21__walk_down_hall_angry__03X7CELV.mp4,fake
C:\Users\Tanish Garg\.cache\kagglehub\datasets\sanikatiwarekar\deep-fake-detection-dfd-entire-original-dataset\DFD_original sequences\03__walking_and_outside_surprised.mp4,real
C:\Users\Tanish Garg\.cache\kagglehub\datasets\sanikatiwarekar\deep-fake-detection-dfd-entire-original-dataset\DFD_original sequences\12__exit_phone_room.mp4,real
C:\Users\Tanish Garg\.cache\kagglehub\datasets\sanikatiwarekar\deep-fake-detection-dfd-entire-original-dataset\DFD_manipulated_sequences\04_01__kitchen_pan__GBC7ZGDP.mp4,fake
C:\Users\Tanish Garg\.cache\kagglehub\datasets\sanikatiwarekar\deep-fake-detection-dfd-entire-original-dataset\DFD_manipulated_sequences\25_02__talking_against_wall__Z7FQ69VP.mp4,fake
C:\Users\Tanish Garg\.cache\kagglehub\datasets\sanikatiwarekar\deep-fake-detection-dfd-entire-original-dataset\DFD_manipulated_sequences\03_07__outside_talking_still_laughing__W3MXGEU9.mp4,fake
C:\Users\Tanish Garg\.cache\kagglehub\datasets\sanikatiwarekar\deep-fake-detection-dfd-entire-original-dataset\DFD_manipulated_sequences\25_20__outside_talking_still_laughing__NPM0ENKD.mp4,fake
C:\Users\Tanish Garg\.cache\kagglehub\datasets\sanikatiwarekar\deep-fake-detection-dfd-entire-original-dataset\DFD_manipulated_sequences\20_01__secret_conversation__6UBMLXK3.mp4,fake
C:\Users\Tanish Garg\.cache\kagglehub\datasets\sanikatiwarekar\deep-fake-detection-dfd-entire-original-dataset\DFD_original sequences\09__outside_talking_pan_laughing.mp4,real
C:\Users\Tanish Garg\.cache\kagglehub\datasets\sanikatiwarekar\deep-fake-detection-dfd-entire-original-dataset\DFD_original sequences\05__outside_talking_still_laughing.mp4,real
C:\Users\Tanish Garg\.cache\kagglehub\datasets\sanikatiwarekar\deep-fake-detection-dfd-entire-original-dataset\DFD_manipulated_sequences\07_03__kitchen_pan__WPT3Z2KN.mp4,fake
C:\Users\Tanish Garg\.cache\kagglehub\datasets\sanikatiwarekar\deep-fake-detection-dfd-entire-original-dataset\DFD_manipulated_sequences\14_03__walk_down_hall_angry__7JPPCV50.mp4,fake
C:\Users\Tanish Garg\.cache\kagglehub\datasets\sanikatiwarekar\deep-fake-detection-dfd-entire-original-dataset\DFD_manipulated_sequences\13_12__secret_conversation__DJ7MF331.mp4,fake
C:\Users\Tanish Garg\.cache\kagglehub\datasets\sanikatiwarekar\deep-fake-detection-dfd-entire-original-dataset\DFD_manipulated_sequences\09_21__talking_against_wall__PF4WD2KJ.mp4,fake
C:\Users\Tanish Garg\.cache\kagglehub\datasets\sanikatiwarekar\deep-fake-detection-dfd-entire-original-dataset\DFD_manipulated_sequences\13_15__kitchen_still__X0EIIJF7.mp4,fake
C:\Users\Tanish Garg\.cache\kagglehub\datasets\sanikatiwarekar\deep-fake-detection-dfd-entire-original-dataset\DFD_manipulated_sequences\26_07__outside_talking_still_laughing__FGNGC2GT.mp4,fake
C:\Users\Tanish Garg\.cache\kagglehub\datasets\sanikatiwarekar\deep-fake-detection-dfd-entire-original-dataset\DFD_original sequences\25__talking_against_wall.mp4,real
C:\Users\Tanish Garg\.cache\kagglehub\datasets\sanikatiwarekar\deep-fake-detection-dfd-entire-original-dataset\DFD_manipulated_sequences\18_11__outside_talking_pan_laughing__PT4YKO2R.mp4,fake
C:\Users\Tanish Garg\.cache\kagglehub\datasets\sanikatiwarekar\deep-fake-detection-dfd-entire-original-dataset\DFD_manipulated_sequences\07_11__hugging_happy__R7R86Z62.mp4,fake
C:\Users\Tanish Garg\.cache\kagglehub\datasets\sanikatiwarekar\deep-fake-detection-dfd-entire-original-dataset\DFD_manipulated_sequences\15_13__exit_phone_room__X0EIIJF7.mp4,fake
C:\Users\Tanish Garg\.cache\kagglehub\datasets\sanikatiwarekar\deep-fake-detection-dfd-entire-original-dataset\DFD_original sequences\28__secret_conversation.mp4,real
C:\Users\Tanish Garg\.cache\kagglehub\datasets\sanikatiwarekar\deep-fake-detection-dfd-entire-original-dataset\DFD_manipulated_sequences\02_25__hugging_happy__Z7FQ69VP.mp4,fake
C:\Users\Tanish Garg\.cache\kagglehub\datasets\sanikatiwarekar\deep-fake-detection-dfd-entire-original-dataset\DFD_original sequences\03__outside_talking_pan_laughing.mp4,real
C:\Users\Tanish Garg\.cache\kagglehub\datasets\sanikatiwarekar\deep-fake-detection-dfd-entire-original-dataset\DFD_original sequences\19__kitchen_pan.mp4,real
C:\Users\Tanish Garg\.cache\kagglehub\datasets\sanikatiwarekar\deep-fake-detection-dfd-entire-original-dataset\DFD_original sequences\08__podium_speech_happy.mp4,real
C:\Users\Tanish Garg\.cache\kagglehub\datasets\sanikatiwarekar\deep-fake-detection-dfd-entire-original-dataset\DFD_original sequences\23__podium_speech_happy.mp4,real
C:\Users\Tanish Garg\.cache\kagglehub\datasets\sanikatiwarekar\deep-fake-detection-dfd-entire-original-dataset\DFD_original sequences\03__exit_phone_room.mp4,real
C:\Users\Tanish Garg\.cache\kagglehub\datasets\sanikatiwarekar\deep-fake-detection-dfd-entire-original-dataset\DFD_manipulated_sequences\07_26__talking_against_wall__FGNGC2GT.mp4,fake
C:\Users\Tanish Garg\.cache\kagglehub\datasets\sanikatiwarekar\deep-fake-detection-dfd-entire-original-dataset\DFD_original sequences\17__kitchen_still.mp4,real
C:\Users\Tanish Garg\.cache\kagglehub\datasets\sanikatiwarekar\deep-fake-detection-dfd-entire-original-dataset\DFD_original sequences\25__walking_outside_cafe_disgusted.mp4,real
C:\Users\Tanish Garg\.cache\kagglehub\datasets\sanikatiwarekar\deep-fake-detection-dfd-entire-original-dataset\DFD_manipulated_sequences\09_20__walk_down_hall_angry__MKEWB4SM.mp4,fake
C:\Users\Tanish Garg\.cache\kagglehub\datasets\sanikatiwarekar\deep-fake-detection-dfd-entire-original-dataset\DFD_original sequences\13__secret_conversation.mp4,real
C:\Users\Tanish Garg\.cache\kagglehub\datasets\sanikatiwarekar\deep-fake-detection-dfd-entire-original-dataset\DFD_manipulated_sequences\19_23__kitchen_still__WHQ1229T.mp4,fake
C:\Users\Tanish Garg\.cache\kagglehub\datasets\sanikatiwarekar\deep-fake-detection-dfd-entire-original-dataset\DFD_original sequences\15__talking_against_wall.mp4,real
C:\Users\Tanish Garg\.cache\kagglehub\datasets\sanikatiwarekar\deep-fake-detection-dfd-entire-original-dataset\DFD_original sequences\10__exit_phone_room.mp4,real
C:\Users\Tanish Garg\.cache\kagglehub\datasets\sanikatiwarekar\deep-fake-detection-dfd-entire-original-dataset\DFD_manipulated_sequences\26_25__talking_angry_couch__GJT740J9.mp4,fake
C:\Users\Tanish Garg\.cache\kagglehub\datasets\sanikatiwarekar\deep-fake-detection-dfd-entire-original-dataset\DFD_original sequences\12__outside_talking_pan_laughing.mp4,real
C:\Users\Tanish Garg\.cache\kagglehub\datasets\sanikatiwarekar\deep-fake-detection-dfd-entire-original-dataset\DFD_original sequences\13__hugging_happy.mp4,real
C:\Users\Tanish Garg\.cache\kagglehub\datasets\sanikatiwarekar\deep-fake-detection-dfd-entire-original-dataset\DFD_original sequences\24__outside_talking_pan_laughing.mp4,real
C:\Users\Tanish Garg\.cache\kagglehub\datasets\sanikatiwarekar\deep-fake-detection-dfd-entire-original-dataset\DFD_manipulated_sequences\03_01__talking_angry_couch__JZUXXFRB.mp4,fake
C:\Users\Tanish Garg\.cache\kagglehub\datasets\sanikatiwarekar\deep-fake-detection-dfd-entire-original-dataset\DFD_original sequences\21__walking_down_street_outside_angry.mp4,real
C:\Users\Tanish Garg\.cache\kagglehub\datasets\sanikatiwarekar\deep-fake-detection-dfd-entire-original-dataset\DFD_manipulated_sequences\19_23__walk_down_hall_angry__F7U8UY7V.mp4,fake
C:\Users\Tanish Garg\.cache\kagglehub\datasets\sanikatiwarekar\deep-fake-detection-dfd-entire-original-dataset\DFD_manipulated_sequences\19_10__walk_down_hall_angry__BVVPN5D5.mp4,fake
C:\Users\Tanish Garg\.cache\kagglehub\datasets\sanikatiwarekar\deep-fake-detection-dfd-entire-original-dataset\DFD_manipulated_sequences\01_11__walking_and_outside_surprised__18HYCC8C.mp4,fake
C:\Users\Tanish Garg\.cache\kagglehub\datasets\sanikatiwarekar\deep-fake-detection-dfd-entire-original-dataset\DFD_original sequences\03__walking_down_indoor_hall_disgust.mp4,real
C:\Users\Tanish Garg\.cache\kagglehub\datasets\sanikatiwarekar\deep-fake-detection-dfd-entire-original-dataset\DFD_manipulated_sequences\06_26__talking_against_wall__L5BVR5L9.mp4,fake
C:\Users\Tanish Garg\.cache\kagglehub\datasets\sanikatiwarekar\deep-fake-detection-dfd-entire-original-dataset\DFD_manipulated_sequences\01_02__walking_and_outside_surprised__YVGY8LOK.mp4,fake
C:\Users\Tanish Garg\.cache\kagglehub\datasets\sanikatiwarekar\deep-fake-detection-dfd-entire-original-dataset\DFD_original sequences\16__podium_speech_happy.mp4,real
C:\Users\Tanish Garg\.cache\kagglehub\datasets\sanikatiwarekar\deep-fake-detection-dfd-entire-original-dataset\DFD_manipulated_sequences\18_26__secret_conversation__UMEX6HWU.mp4,fake
C:\Users\Tanish Garg\.cache\kagglehub\datasets\sanikatiwarekar\deep-fake-detection-dfd-entire-original-dataset\DFD_manipulated_sequences\09_21__walk_down_hall_angry__O9ER29Z6.mp4,fake
C:\Users\Tanish Garg\.cache\kagglehub\datasets\sanikatiwarekar\deep-fake-detection-dfd-entire-original-dataset\DFD_original sequences\20__podium_speech_happy.mp4,real
C:\Users\Tanish Garg\.cache\kagglehub\datasets\sanikatiwarekar\deep-fake-detection-dfd-entire-original-dataset\DFD_manipulated_sequences\12_15__kitchen_still__RK17XFJ9.mp4,fake
C:\Users\Tanish Garg\.cache\kagglehub\datasets\sanikatiwarekar\deep-fake-detection-dfd-entire-original-dataset\DFD_manipulated_sequences\10_19__outside_talking_still_laughing__O2IKR6YM.mp4,fake
C:\Users\Tanish Garg\.cache\kagglehub\datasets\sanikatiwarekar\deep-fake-detection-dfd-entire-original-dataset\DFD_original sequences\11__talking_angry_couch.mp4,real
C:\Users\Tanish Garg\.cache\kagglehub\datasets\sanikatiwarekar\deep-fake-detection-dfd-entire-original-dataset\DFD_original sequences\16__walking_down_indoor_hall_disgust.mp4,real
C:\Users\Tanish Garg\.cache\kagglehub\datasets\sanikatiwarekar\deep-fake-detection-dfd-entire-original-dataset\DFD_original sequences\23__walking_down_street_outside_angry.mp4,real
C:\Users\Tanish Garg\.cache\kagglehub\datasets\sanikatiwarekar\deep-fake-detection-dfd-entire-original-dataset\DFD_original sequences\11__kitchen_pan.mp4,real
C:\Users\Tanish Garg\.cache\kagglehub\datasets\sanikatiwarekar\deep-fake-detection-dfd-entire-original-dataset\DFD_original sequences\12__secret_conversation.mp4,real
C:\Users\Tanish Garg\.cache\kagglehub\datasets\sanikatiwarekar\deep-fake-detection-dfd-entire-original-dataset\DFD_original sequences\17__outside_talking_pan_laughing.mp4,real
C:\Users\Tanish Garg\.cache\kagglehub\datasets\sanikatiwarekar\deep-fake-detection-dfd-entire-original-dataset\DFD_original sequences\10__kitchen_pan.mp4,real
C:\Users\Tanish Garg\.cache\kagglehub\datasets\sanikatiwarekar\deep-fake-detection-dfd-entire-original-dataset\DFD_original sequences\12__walking_outside_cafe_disgusted.mp4,real
C:\Users\Tanish Garg\.cache\kagglehub\datasets\sanikatiwarekar\deep-fake-detection-dfd-entire-original-dataset\DFD_original sequences\03__kitchen_pan.mp4,real
C:\Users\Tanish Garg\.cache\kagglehub\datasets\sanikatiwarekar\deep-fake-detection-dfd-entire-original-dataset\DFD_manipulated_sequences\12_13__walking_and_outside_surprised__Q442U52P.mp4,fake
C:\Users\Tanish Garg\.cache\kagglehub\datasets\sanikatiwarekar\deep-fake-detection-dfd-entire-original-dataset\DFD_manipulated_sequences\26_07__kitchen_still__FGNGC2GT.mp4,fake
C:\Users\Tanish Garg\.cache\kagglehub\datasets\sanikatiwarekar\deep-fake-detection-dfd-entire-original-dataset\DFD_manipulated_sequences\02_07__hugging_happy__1JCLEEBQ.mp4,fake
C:\Users\Tanish Garg\.cache\kagglehub\datasets\sanikatiwarekar\deep-fake-detection-dfd-entire-original-dataset\DFD_original sequences\20__exit_phone_room.mp4,real
C:\Users\Tanish Garg\.cache\kagglehub\datasets\sanikatiwarekar\deep-fake-detection-dfd-entire-original-dataset\DFD_original sequences\23__outside_talking_still_laughing.mp4,real
C:\Users\Tanish Garg\.cache\kagglehub\datasets\sanikatiwarekar\deep-fake-detection-dfd-entire-original-dataset\DFD_original sequences\14__secret_conversation.mp4,real
C:\Users\Tanish Garg\.cache\kagglehub\datasets\sanikatiwarekar\deep-fake-detection-dfd-entire-original-dataset\DFD_manipulated_sequences\14_03__exit_phone_room__7JPPCV50.mp4,fake
C:\Users\Tanish Garg\.cache\kagglehub\datasets\sanikatiwarekar\deep-fake-detection-dfd-entire-original-dataset\DFD_original sequences\02__outside_talking_pan_laughing.mp4,real
C:\Users\Tanish Garg\.cache\kagglehub\datasets\sanikatiwarekar\deep-fake-detection-dfd-entire-original-dataset\DFD_manipulated_sequences\02_06__walking_outside_cafe_disgusted__GH8TGTBS.mp4,fake
C:\Users\Tanish Garg\.cache\kagglehub\datasets\sanikatiwarekar\deep-fake-detection-dfd-entire-original-dataset\DFD_manipulated_sequences\03_02__secret_conversation__QH3Y0IG0.mp4,fake
C:\Users\Tanish Garg\.cache\kagglehub\datasets\sanikatiwarekar\deep-fake-detection-dfd-entire-original-dataset\DFD_original sequences\19__podium_speech_happy.mp4,real
C:\Users\Tanish Garg\.cache\kagglehub\datasets\sanikatiwarekar\deep-fake-detection-dfd-entire-original-dataset\DFD_manipulated_sequences\11_18__secret_conversation__PT4YKO2R.mp4,fake
C:\Users\Tanish Garg\.cache\kagglehub\datasets\sanikatiwarekar\deep-fake-detection-dfd-entire-original-dataset\DFD_original sequences\02__exit_phone_room.mp4,real
C:\Users\Tanish Garg\.cache\kagglehub\datasets\sanikatiwarekar\deep-fake-detection-dfd-entire-original-dataset\DFD_original sequences\23__walking_and_outside_surprised.mp4,real
C:\Users\Tanish Garg\.cache\kagglehub\datasets\sanikatiwarekar\deep-fake-detection-dfd-entire-original-dataset\DFD_original sequences\20__kitchen_still.mp4,real
C:\Users\Tanish Garg\.cache\kagglehub\datasets\sanikatiwarekar\deep-fake-detection-dfd-entire-original-dataset\DFD_manipulated_sequences\22_24__walking_down_street_outside_angry__XL557XC6.mp4,fake
C:\Users\Tanish Garg\.cache\kagglehub\datasets\sanikatiwarekar\deep-fake-detection-dfd-entire-original-dataset\DFD_manipulated_sequences\07_02__walk_down_hall_angry__1JCLEEBQ.mp4,fake
C:\Users\Tanish Garg\.cache\kagglehub\datasets\sanikatiwarekar\deep-fake-detection-dfd-entire-original-dataset\DFD_original sequences\01__talking_against_wall.mp4,real
C:\Users\Tanish Garg\.cache\kagglehub\datasets\sanikatiwarekar\deep-fake-detection-dfd-entire-original-dataset\DFD_manipulated_sequences\23_24__secret_conversation__MDSDXSNU.mp4,fake
C:\Users\Tanish Garg\.cache\kagglehub\datasets\sanikatiwarekar\deep-fake-detection-dfd-entire-original-dataset\DFD_original sequences\22__kitchen_still.mp4,real
C:\Users\Tanish Garg\.cache\kagglehub\datasets\sanikatiwarekar\deep-fake-detection-dfd-entire-original-dataset\DFD_manipulated_sequences\21_11__walking_outside_cafe_disgusted__T7DK03O1.mp4,fake
C:\Users\Tanish Garg\.cache\kagglehub\datasets\sanikatiwarekar\deep-fake-detection-dfd-entire-original-dataset\DFD_manipulated_sequences\21_06__walking_down_indoor_hall_disgust__058I9NIZ.mp4,fake
C:\Users\Tanish Garg\.cache\kagglehub\datasets\sanikatiwarekar\deep-fake-detection-dfd-entire-original-dataset\DFD_original sequences\14__walking_outside_cafe_disgusted.mp4,real
C:\Users\Tanish Garg\.cache\kagglehub\datasets\sanikatiwarekar\deep-fake-detection-dfd-entire-original-dataset\DFD_original sequences\07__hugging_happy.mp4,real
C:\Users\Tanish Garg\.cache\kagglehub\datasets\sanikatiwarekar\deep-fake-detection-dfd-entire-original-dataset\DFD_original sequences\11__walk_down_hall_angry.mp4,real
C:\Users\Tanish Garg\.cache\kagglehub\datasets\sanikatiwarekar\deep-fake-detection-dfd-entire-original-dataset\DFD_original sequences\08__walk_down_hall_angry.mp4,real
C:\Users\Tanish Garg\.cache\kagglehub\datasets\sanikatiwarekar\deep-fake-detection-dfd-entire-original-dataset\DFD_original sequences\15__podium_speech_happy.mp4,real
C:\Users\Tanish Garg\.cache\kagglehub\datasets\sanikatiwarekar\deep-fake-detection-dfd-entire-original-dataset\DFD_manipulated_sequences\01_11__hugging_happy__4OJNJLOO.mp4,fake
C:\Users\Tanish Garg\.cache\kagglehub\datasets\sanikatiwarekar\deep-fake-detection-dfd-entire-original-dataset\DFD_original sequences\18__outside_talking_still_laughing.mp4,real
C:\Users\Tanish Garg\.cache\kagglehub\datasets\sanikatiwarekar\deep-fake-detection-dfd-entire-original-dataset\DFD_manipulated_sequences\11_01__talking_against_wall__4OJNJLOO.mp4,fake
C:\Users\Tanish Garg\.cache\kagglehub\datasets\sanikatiwarekar\deep-fake-detection-dfd-entire-original-dataset\DFD_manipulated_sequences\21_18__outside_talking_pan_laughing__PQFTWVRQ.mp4,fake
C:\Users\Tanish Garg\.cache\kagglehub\datasets\sanikatiwarekar\deep-fake-detection-dfd-entire-original-dataset\DFD_original sequences\20__walking_and_outside_surprised.mp4,real
C:\Users\Tanish Garg\.cache\kagglehub\datasets\sanikatiwarekar\deep-fake-detection-dfd-entire-original-dataset\DFD_original sequences\09__walking_down_street_outside_angry.mp4,real
C:\Users\Tanish Garg\.cache\kagglehub\datasets\sanikatiwarekar\deep-fake-detection-dfd-entire-original-dataset\DFD_manipulated_sequences\06_02__walking_down_street_outside_angry__37DH75GQ.mp4,fake
C:\Users\Tanish Garg\.cache\kagglehub\datasets\sanikatiwarekar\deep-fake-detection-dfd-entire-original-dataset\DFD_original sequences\07__walking_outside_cafe_disgusted.mp4,real
C:\Users\Tanish Garg\.cache\kagglehub\datasets\sanikatiwarekar\deep-fake-detection-dfd-entire-original-dataset\DFD_manipulated_sequences\15_20__outside_talking_pan_laughing__99NHTFBM.mp4,fake
C:\Users\Tanish Garg\.cache\kagglehub\datasets\sanikatiwarekar\deep-fake-detection-dfd-entire-original-dataset\DFD_original sequences\27__walking_down_indoor_hall_disgust.mp4,real
C:\Users\Tanish Garg\.cache\kagglehub\datasets\sanikatiwarekar\deep-fake-detection-dfd-entire-original-dataset\DFD_manipulated_sequences\25_09__walking_outside_cafe_disgusted__ODAQ7BZL.mp4,fake
C:\Users\Tanish Garg\.cache\kagglehub\datasets\sanikatiwarekar\deep-fake-detection-dfd-entire-original-dataset\DFD_manipulated_sequences\15_03__exit_phone_room__OY4I7ZU8.mp4,fake
C:\Users\Tanish Garg\.cache\kagglehub\datasets\sanikatiwarekar\deep-fake-detection-dfd-entire-original-dataset\DFD_original sequences\19__talking_against_wall.mp4,real
C:\Users\Tanish Garg\.cache\kagglehub\datasets\sanikatiwarekar\deep-fake-detection-dfd-entire-original-dataset\DFD_original sequences\01__walking_down_indoor_hall_disgust.mp4,real
C:\Users\Tanish Garg\.cache\kagglehub\datasets\sanikatiwarekar\deep-fake-detection-dfd-entire-original-dataset\DFD_original sequences\11__walking_outside_cafe_disgusted.mp4,real
C:\Users\Tanish Garg\.cache\kagglehub\datasets\sanikatiwarekar\deep-fake-detection-dfd-entire-original-dataset\DFD_original sequences\07__outside_talking_still_laughing.mp4,real
C:\Users\Tanish Garg\.cache\kagglehub\datasets\sanikatiwarekar\deep-fake-detection-dfd-entire-original-dataset\DFD_manipulated_sequences\02_01__hugging_happy__YVGY8LOK.mp4,fake
C:\Users\Tanish Garg\.cache\kagglehub\datasets\sanikatiwarekar\deep-fake-detection-dfd-entire-original-dataset\DFD_original sequences\15__walking_down_street_outside_angry.mp4,real
C:\Users\Tanish Garg\.cache\kagglehub\datasets\sanikatiwarekar\deep-fake-detection-dfd-entire-original-dataset\DFD_original sequences\15__outside_talking_still_laughing.mp4,real
C:\Users\Tanish Garg\.cache\kagglehub\datasets\sanikatiwarekar\deep-fake-detection-dfd-entire-original-dataset\DFD_manipulated_sequences\15_13__walking_down_street_outside_angry__X0EIIJF7.mp4,fake
C:\Users\Tanish Garg\.cache\kagglehub\datasets\sanikatiwarekar\deep-fake-detection-dfd-entire-original-dataset\DFD_manipulated_sequences\28_05__exit_phone_room__U9LRLJ6N.mp4,fake
C:\Users\Tanish Garg\.cache\kagglehub\datasets\sanikatiwarekar\deep-fake-detection-dfd-entire-original-dataset\DFD_manipulated_sequences\11_01__outside_talking_still_laughing__9229VVZ3.mp4,fake
C:\Users\Tanish Garg\.cache\kagglehub\datasets\sanikatiwarekar\deep-fake-detection-dfd-entire-original-dataset\DFD_original sequences\26__kitchen_pan.mp4,real
C:\Users\Tanish Garg\.cache\kagglehub\datasets\sanikatiwarekar\deep-fake-detection-dfd-entire-original-dataset\DFD_manipulated_sequences\27_25__walk_down_hall_angry__GNIMW95Z.mp4,fake
C:\Users\Tanish Garg\.cache\kagglehub\datasets\sanikatiwarekar\deep-fake-detection-dfd-entire-original-dataset\DFD_original sequences\26__outside_talking_pan_laughing.mp4,real
C:\Users\Tanish Garg\.cache\kagglehub\datasets\sanikatiwarekar\deep-fake-detection-dfd-entire-original-dataset\DFD_original sequences\27__walking_outside_cafe_disgusted.mp4,real
C:\Users\Tanish Garg\.cache\kagglehub\datasets\sanikatiwarekar\deep-fake-detection-dfd-entire-original-dataset\DFD_manipulated_sequences\21_11__kitchen_still__T7DK03O1.mp4,fake
C:\Users\Tanish Garg\.cache\kagglehub\datasets\sanikatiwarekar\deep-fake-detection-dfd-entire-original-dataset\DFD_original sequences\23__kitchen_still.mp4,real
C:\Users\Tanish Garg\.cache\kagglehub\datasets\sanikatiwarekar\deep-fake-detection-dfd-entire-original-dataset\DFD_original sequences\08__walking_outside_cafe_disgusted.mp4,real
C:\Users\Tanish Garg\.cache\kagglehub\datasets\sanikatiwarekar\deep-fake-detection-dfd-entire-original-dataset\DFD_manipulated_sequences\27_07__kitchen_pan__B5S6XY2L.mp4,fake
C:\Users\Tanish Garg\.cache\kagglehub\datasets\sanikatiwarekar\deep-fake-detection-dfd-entire-original-dataset\DFD_manipulated_sequences\03_14__exit_phone_room__0O9TTCJT.mp4,fake
C:\Users\Tanish Garg\.cache\kagglehub\datasets\sanikatiwarekar\deep-fake-detection-dfd-entire-original-dataset\DFD_original sequences\22__podium_speech_happy.mp4,real
C:\Users\Tanish Garg\.cache\kagglehub\datasets\sanikatiwarekar\deep-fake-detection-dfd-entire-original-dataset\DFD_original sequences\23__walking_down_indoor_hall_disgust.mp4,real
C:\Users\Tanish Garg\.cache\kagglehub\datasets\sanikatiwarekar\deep-fake-detection-dfd-entire-original-dataset\DFD_original sequences\19__walking_outside_cafe_disgusted.mp4,real
C:\Users\Tanish Garg\.cache\kagglehub\datasets\sanikatiwarekar\deep-fake-detection-dfd-entire-original-dataset\DFD_original sequences\21__talking_angry_couch.mp4,real
C:\Users\Tanish Garg\.cache\kagglehub\datasets\sanikatiwarekar\deep-fake-detection-dfd-entire-original-dataset\DFD_manipulated_sequences\06_18__outside_talking_still_laughing__M36D0OJT.mp4,fake
C:\Users\Tanish Garg\.cache\kagglehub\datasets\sanikatiwarekar\deep-fake-detection-dfd-entire-original-dataset\DFD_manipulated_sequences\20_25__exit_phone_room__MUS0X71T.mp4,fake
C:\Users\Tanish Garg\.cache\kagglehub\datasets\sanikatiwarekar\deep-fake-detection-dfd-entire-original-dataset\DFD_original sequences\11__talking_against_wall.mp4,real
C:\Users\Tanish Garg\.cache\kagglehub\datasets\sanikatiwarekar\deep-fake-detection-dfd-entire-original-dataset\DFD_manipulated_sequences\02_07__meeting_serious__O4SXNLRL.mp4,fake
C:\Users\Tanish Garg\.cache\kagglehub\datasets\sanikatiwarekar\deep-fake-detection-dfd-entire-original-dataset\DFD_original sequences\23__walk_down_hall_angry.mp4,real
C:\Users\Tanish Garg\.cache\kagglehub\datasets\sanikatiwarekar\deep-fake-detection-dfd-entire-original-dataset\DFD_manipulated_sequences\12_04__kitchen_pan__B6YJ9IW1.mp4,fake
C:\Users\Tanish Garg\.cache\kagglehub\datasets\sanikatiwarekar\deep-fake-detection-dfd-entire-original-dataset\DFD_manipulated_sequences\13_02__secret_conversation__PLNVLO74.mp4,fake
C:\Users\Tanish Garg\.cache\kagglehub\datasets\sanikatiwarekar\deep-fake-detection-dfd-entire-original-dataset\DFD_manipulated_sequences\23_22__outside_talking_still_laughing__W9MT3Q5K.mp4,fake
C:\Users\Tanish Garg\.cache\kagglehub\datasets\sanikatiwarekar\deep-fake-detection-dfd-entire-original-dataset\DFD_original sequences\13__walking_and_outside_surprised.mp4,real
C:\Users\Tanish Garg\.cache\kagglehub\datasets\sanikatiwarekar\deep-fake-detection-dfd-entire-original-dataset\DFD_original sequences\05__podium_speech_happy.mp4,real
C:\Users\Tanish Garg\.cache\kagglehub\datasets\sanikatiwarekar\deep-fake-detection-dfd-entire-original-dataset\DFD_manipulated_sequences\03_26__walk_down_hall_angry__WBSXBL82.mp4,fake
C:\Users\Tanish Garg\.cache\kagglehub\datasets\sanikatiwarekar\deep-fake-detection-dfd-entire-original-dataset\DFD_original sequences\17__kitchen_pan.mp4,real
C:\Users\Tanish Garg\.cache\kagglehub\datasets\sanikatiwarekar\deep-fake-detection-dfd-entire-original-dataset\DFD_manipulated_sequences\26_12__kitchen_pan__BFBNM8FR.mp4,fake
C:\Users\Tanish Garg\.cache\kagglehub\datasets\sanikatiwarekar\deep-fake-detection-dfd-entire-original-dataset\DFD_original sequences\25__secret_conversation.mp4,real
C:\Users\Tanish Garg\.cache\kagglehub\datasets\sanikatiwarekar\deep-fake-detection-dfd-entire-original-dataset\DFD_manipulated_sequences\20_12__talking_against_wall__GHPWDH3C.mp4,fake
C:\Users\Tanish Garg\.cache\kagglehub\datasets\sanikatiwarekar\deep-fake-detection-dfd-entire-original-dataset\DFD_manipulated_sequences\11_13__talking_against_wall__61T622EK.mp4,fake
C:\Users\Tanish Garg\.cache\kagglehub\datasets\sanikatiwarekar\deep-fake-detection-dfd-entire-original-dataset\DFD_original sequences\14__talking_angry_couch.mp4,real
C:\Users\Tanish Garg\.cache\kagglehub\datasets\sanikatiwarekar\deep-fake-detection-dfd-entire-original-dataset\DFD_manipulated_sequences\21_07__exit_phone_room__K7KXUHMU.mp4,fake
C:\Users\Tanish Garg\.cache\kagglehub\datasets\sanikatiwarekar\deep-fake-detection-dfd-entire-original-dataset\DFD_original sequences\27__talking_angry_couch.mp4,real
C:\Users\Tanish Garg\.cache\kagglehub\datasets\sanikatiwarekar\deep-fake-detection-dfd-entire-original-dataset\DFD_manipulated_sequences\18_04__walking_outside_cafe_disgusted__6J3ZFEJQ.mp4,fake
C:\Users\Tanish Garg\.cache\kagglehub\datasets\sanikatiwarekar\deep-fake-detection-dfd-entire-original-dataset\DFD_manipulated_sequences\06_03__kitchen_pan__2XWC5JED.mp4,fake
C:\Users\Tanish Garg\.cache\kagglehub\datasets\sanikatiwarekar\deep-fake-detection-dfd-entire-original-dataset\DFD_manipulated_sequences\22_24__walking_and_outside_surprised__7E3GY85F.mp4,fake
C:\Users\Tanish Garg\.cache\kagglehub\datasets\sanikatiwarekar\deep-fake-detection-dfd-entire-original-dataset\DFD_original sequences\02__walking_and_outside_surprised.mp4,real
C:\Users\Tanish Garg\.cache\kagglehub\datasets\sanikatiwarekar\deep-fake-detection-dfd-entire-original-dataset\DFD_manipulated_sequences\26_03__walking_outside_cafe_disgusted__WBSXBL82.mp4,fake
C:\Users\Tanish Garg\.cache\kagglehub\datasets\sanikatiwarekar\deep-fake-detection-dfd-entire-original-dataset\DFD_original sequences\21__walking_down_indoor_hall_disgust.mp4,real
C:\Users\Tanish Garg\.cache\kagglehub\datasets\sanikatiwarekar\deep-fake-detection-dfd-entire-original-dataset\DFD_manipulated_sequences\18_25__outside_talking_pan_laughing__41UL3HO6.mp4,fake
C:\Users\Tanish Garg\.cache\kagglehub\datasets\sanikatiwarekar\deep-fake-detection-dfd-entire-original-dataset\DFD_original sequences\06__kitchen_still.mp4,real
C:\Users\Tanish Garg\.cache\kagglehub\datasets\sanikatiwarekar\deep-fake-detection-dfd-entire-original-dataset\DFD_manipulated_sequences\19_24__walking_down_street_outside_angry__59PN7WZ2.mp4,fake
C:\Users\Tanish Garg\.cache\kagglehub\datasets\sanikatiwarekar\deep-fake-detection-dfd-entire-original-dataset\DFD_manipulated_sequences\20_25__outside_talking_still_laughing__RSCD7KXO.mp4,fake
C:\Users\Tanish Garg\.cache\kagglehub\datasets\sanikatiwarekar\deep-fake-detection-dfd-entire-original-dataset\DFD_manipulated_sequences\25_20__walking_outside_cafe_disgusted__RSCD7KXO.mp4,fake
C:\Users\Tanish Garg\.cache\kagglehub\datasets\sanikatiwarekar\deep-fake-detection-dfd-entire-original-dataset\DFD_original sequences\22__walk_down_hall_angry.mp4,real
C:\Users\Tanish Garg\.cache\kagglehub\datasets\sanikatiwarekar\deep-fake-detection-dfd-entire-original-dataset\DFD_original sequences\10__walking_outside_cafe_disgusted.mp4,real
C:\Users\Tanish Garg\.cache\kagglehub\datasets\sanikatiwarekar\deep-fake-detection-dfd-entire-original-dataset\DFD_original sequences\12__outside_talking_still_laughing.mp4,real
C:\Users\Tanish Garg\.cache\kagglehub\datasets\sanikatiwarekar\deep-fake-detection-dfd-entire-original-dataset\DFD_original sequences\19__outside_talking_still_laughing.mp4,real
C:\Users\Tanish Garg\.cache\kagglehub\datasets\sanikatiwarekar\deep-fake-detection-dfd-entire-original-dataset\DFD_original sequences\06__outside_talking_still_laughing.mp4,real
C:\Users\Tanish Garg\.cache\kagglehub\datasets\sanikatiwarekar\deep-fake-detection-dfd-entire-original-dataset\DFD_manipulated_sequences\27_02__kitchen_pan__78M8S6M6.mp4,fake
C:\Users\Tanish Garg\.cache\kagglehub\datasets\sanikatiwarekar\deep-fake-detection-dfd-entire-original-dataset\DFD_original sequences\05__kitchen_pan.mp4,real
C:\Users\Tanish Garg\.cache\kagglehub\datasets\sanikatiwarekar\deep-fake-detection-dfd-entire-original-dataset\DFD_original sequences\27__kitchen_still.mp4,real
C:\Users\Tanish Garg\.cache\kagglehub\datasets\sanikatiwarekar\deep-fake-detection-dfd-entire-original-dataset\DFD_original sequences\27__exit_phone_room.mp4,real
C:\Users\Tanish Garg\.cache\kagglehub\datasets\sanikatiwarekar\deep-fake-detection-dfd-entire-original-dataset\DFD_manipulated_sequences\06_14__walking_and_outside_surprised__8U9ULZDT.mp4,fake
C:\Users\Tanish Garg\.cache\kagglehub\datasets\sanikatiwarekar\deep-fake-detection-dfd-entire-original-dataset\DFD_manipulated_sequences\13_15__kitchen_pan__X0EIIJF7.mp4,fake
C:\Users\Tanish Garg\.cache\kagglehub\datasets\sanikatiwarekar\deep-fake-detection-dfd-entire-original-dataset\DFD_original sequences\02__talking_against_wall.mp4,real
C:\Users\Tanish Garg\.cache\kagglehub\datasets\sanikatiwarekar\deep-fake-detection-dfd-entire-original-dataset\DFD_manipulated_sequences\15_02__talking_against_wall__TSRK8QS4.mp4,fake
C:\Users\Tanish Garg\.cache\kagglehub\datasets\sanikatiwarekar\deep-fake-detection-dfd-entire-original-dataset\DFD_manipulated_sequences\14_15__hugging_happy__OMLZILK3.mp4,fake
C:\Users\Tanish Garg\.cache\kagglehub\datasets\sanikatiwarekar\deep-fake-detection-dfd-entire-original-dataset\DFD_original sequences\16__talking_against_wall.mp4,real
C:\Users\Tanish Garg\.cache\kagglehub\datasets\sanikatiwarekar\deep-fake-detection-dfd-entire-original-dataset\DFD_manipulated_sequences\14_07__exit_phone_room__P9QFO50U.mp4,fake
C:\Users\Tanish Garg\.cache\kagglehub\datasets\sanikatiwarekar\deep-fake-detection-dfd-entire-original-dataset\DFD_manipulated_sequences\05_28__hugging_happy__VR9127O1.mp4,fake
C:\Users\Tanish Garg\.cache\kagglehub\datasets\sanikatiwarekar\deep-fake-detection-dfd-entire-original-dataset\DFD_original sequences\tmp51ews_lu,real
C:\Users\Tanish Garg\.cache\kagglehub\datasets\sanikatiwarekar\deep-fake-detection-dfd-entire-original-dataset\DFD_original sequences\17__talking_against_wall.mp4,real
C:\Users\Tanish Garg\.cache\kagglehub\datasets\sanikatiwarekar\deep-fake-detection-dfd-entire-original-dataset\DFD_original sequences\28__kitchen_still.mp4,real
C:\Users\Tanish Garg\.cache\kagglehub\datasets\sanikatiwarekar\deep-fake-detection-dfd-entire-original-dataset\DFD_original sequences\11__kitchen_still.mp4,real
C:\Users\Tanish Garg\.cache\kagglehub\datasets\sanikatiwarekar\deep-fake-detection-dfd-entire-original-dataset\DFD_original sequences\01__talking_angry_couch.mp4,real
C:\Users\Tanish Garg\.cache\kagglehub\datasets\sanikatiwarekar\deep-fake-detection-dfd-entire-original-dataset\DFD_manipulated_sequences\06_03__kitchen_pan__KIWCEATU.mp4,fake
C:\Users\Tanish Garg\.cache\kagglehub\datasets\sanikatiwarekar\deep-fake-detection-dfd-entire-original-dataset\DFD_original sequences\04__exit_phone_room.mp4,real
C:\Users\Tanish Garg\.cache\kagglehub\datasets\sanikatiwarekar\deep-fake-detection-dfd-entire-original-dataset\DFD_manipulated_sequences\21_20__kitchen_still__ZCB5OMEW.mp4,fake
C:\Users\Tanish Garg\.cache\kagglehub\datasets\sanikatiwarekar\deep-fake-detection-dfd-entire-original-dataset\DFD_original sequences\07__exit_phone_room.mp4,real
C:\Users\Tanish Garg\.cache\kagglehub\datasets\sanikatiwarekar\deep-fake-detection-dfd-entire-original-dataset\DFD_original sequences\06__talking_angry_couch.mp4,real
C:\Users\Tanish Garg\.cache\kagglehub\datasets\sanikatiwarekar\deep-fake-detection-dfd-entire-original-dataset\DFD_manipulated_sequences\20_25__hugging_happy__M86GQTHK.mp4,fake
C:\Users\Tanish Garg\.cache\kagglehub\datasets\sanikatiwarekar\deep-fake-detection-dfd-entire-original-dataset\DFD_original sequences\01__walk_down_hall_angry.mp4,real
C:\Users\Tanish Garg\.cache\kagglehub\datasets\sanikatiwarekar\deep-fake-detection-dfd-entire-original-dataset\DFD_manipulated_sequences\13_12__walk_down_hall_angry__Q442U52P.mp4,fake
C:\Users\Tanish Garg\.cache\kagglehub\datasets\sanikatiwarekar\deep-fake-detection-dfd-entire-original-dataset\DFD_manipulated_sequences\18_03__outside_talking_pan_laughing__22UBC0BS.mp4,fake
C:\Users\Tanish Garg\.cache\kagglehub\datasets\sanikatiwarekar\deep-fake-detection-dfd-entire-original-dataset\DFD_manipulated_sequences\20_14__podium_speech_happy__R7SPX6OK.mp4,fake
C:\Users\Tanish Garg\.cache\kagglehub\datasets\sanikatiwarekar\deep-fake-detection-dfd-entire-original-dataset\DFD_original sequences\21__walk_down_hall_angry.mp4,real
C:\Users\Tanish Garg\.cache\kagglehub\datasets\sanikatiwarekar\deep-fake-detection-dfd-entire-original-dataset\DFD_manipulated_sequences\02_04__walk_down_hall_angry__SUIZOXAJ.mp4,fake
C:\Users\Tanish Garg\.cache\kagglehub\datasets\sanikatiwarekar\deep-fake-detection-dfd-entire-original-dataset\DFD_manipulated_sequences\02_07__walk_down_hall_angry__U7DEOZNV.mp4,fake
C:\Users\Tanish Garg\.cache\kagglehub\datasets\sanikatiwarekar\deep-fake-detection-dfd-entire-original-dataset\DFD_manipulated_sequences\25_09__outside_talking_still_laughing__ODAQ7BZL.mp4,fake
C:\Users\Tanish Garg\.cache\kagglehub\datasets\sanikatiwarekar\deep-fake-detection-dfd-entire-original-dataset\DFD_manipulated_sequences\03_15__outside_talking_pan_laughing__AIOM1U5V.mp4,fake
C:\Users\Tanish Garg\.cache\kagglehub\datasets\sanikatiwarekar\deep-fake-detection-dfd-entire-original-dataset\DFD_manipulated_sequences\03_09__outside_talking_still_laughing__8DTEGQ54.mp4,fake
C:\Users\Tanish Garg\.cache\kagglehub\datasets\sanikatiwarekar\deep-fake-detection-dfd-entire-original-dataset\DFD_manipulated_sequences\15_02__walking_down_street_outside_angry__I8G2LWD1.mp4,fake
C:\Users\Tanish Garg\.cache\kagglehub\datasets\sanikatiwarekar\deep-fake-detection-dfd-entire-original-dataset\DFD_original sequences\10__kitchen_still.mp4,real
C:\Users\Tanish Garg\.cache\kagglehub\datasets\sanikatiwarekar\deep-fake-detection-dfd-entire-original-dataset\DFD_original sequences\21__outside_talking_pan_laughing.mp4,real
C:\Users\Tanish Garg\.cache\kagglehub\datasets\sanikatiwarekar\deep-fake-detection-dfd-entire-original-dataset\DFD_manipulated_sequences\05_08__talking_against_wall__PRBCE28Z.mp4,fake
C:\Users\Tanish Garg\.cache\kagglehub\datasets\sanikatiwarekar\deep-fake-detection-dfd-entire-original-dataset\DFD_manipulated_sequences\13_03__talking_angry_couch__GBYWJW06.mp4,fake
C:\Users\Tanish Garg\.cache\kagglehub\datasets\sanikatiwarekar\deep-fake-detection-dfd-entire-original-dataset\DFD_original sequences\04__kitchen_pan.mp4,real
C:\Users\Tanish Garg\.cache\kagglehub\datasets\sanikatiwarekar\deep-fake-detection-dfd-entire-original-dataset\DFD_manipulated_sequences\02_07__talking_against_wall__1ZE4HC06.mp4,fake
C:\Users\Tanish Garg\.cache\kagglehub\datasets\sanikatiwarekar\deep-fake-detection-dfd-entire-original-dataset\DFD_manipulated_sequences\10_19__walking_outside_cafe_disgusted__BVVPN5D5.mp4,fake
C:\Users\Tanish Garg\.cache\kagglehub\datasets\sanikatiwarekar\deep-fake-detection-dfd-entire-original-dataset\DFD_manipulated_sequences\07_03__walking_outside_cafe_disgusted__IFSURI9X.mp4,fake
C:\Users\Tanish Garg\.cache\kagglehub\datasets\sanikatiwarekar\deep-fake-detection-dfd-entire-original-dataset\DFD_original sequences\14__walking_and_outside_surprised.mp4,real
C:\Users\Tanish Garg\.cache\kagglehub\datasets\sanikatiwarekar\deep-fake-detection-dfd-entire-original-dataset\DFD_original sequences\21__podium_speech_happy.mp4,real
C:\Users\Tanish Garg\.cache\kagglehub\datasets\sanikatiwarekar\deep-fake-detection-dfd-entire-original-dataset\DFD_manipulated_sequences\09_26__walk_down_hall_angry__XXGYLT82.mp4,fake
C:\Users\Tanish Garg\.cache\kagglehub\datasets\sanikatiwarekar\deep-fake-detection-dfd-entire-original-dataset\DFD_manipulated_sequences\07_02__outside_talking_still_laughing__1ZE4HC06.mp4,fake
C:\Users\Tanish Garg\.cache\kagglehub\datasets\sanikatiwarekar\deep-fake-detection-dfd-entire-original-dataset\DFD_original sequences\16__walk_down_hall_angry.mp4,real
C:\Users\Tanish Garg\.cache\kagglehub\datasets\sanikatiwarekar\deep-fake-detection-dfd-entire-original-dataset\DFD_manipulated_sequences\14_26__podium_speech_happy__ILLP29ZH.mp4,fake
C:\Users\Tanish Garg\.cache\kagglehub\datasets\sanikatiwarekar\deep-fake-detection-dfd-entire-original-dataset\DFD_original sequences\15__exit_phone_room.mp4,real
C:\Users\Tanish Garg\.cache\kagglehub\datasets\sanikatiwarekar\deep-fake-detection-dfd-entire-original-dataset\DFD_original sequences\07__walking_down_street_outside_angry.mp4,real
C:\Users\Tanish Garg\.cache\kagglehub\datasets\sanikatiwarekar\deep-fake-detection-dfd-entire-original-dataset\DFD_manipulated_sequences\07_06__outside_talking_pan_laughing__NMGYPBXE.mp4,fake
C:\Users\Tanish Garg\.cache\kagglehub\datasets\sanikatiwarekar\deep-fake-detection-dfd-entire-original-dataset\DFD_original sequences\25__walk_down_hall_angry.mp4,real
C:\Users\Tanish Garg\.cache\kagglehub\datasets\sanikatiwarekar\deep-fake-detection-dfd-entire-original-dataset\DFD_manipulated_sequences\25_07__walking_down_street_outside_angry__IKMKYKPG.mp4,fake
C:\Users\Tanish Garg\.cache\kagglehub\datasets\sanikatiwarekar\deep-fake-detection-dfd-entire-original-dataset\DFD_manipulated_sequences\26_04__kitchen_still__WX836VLY.mp4,fake
C:\Users\Tanish Garg\.cache\kagglehub\datasets\sanikatiwarekar\deep-fake-detection-dfd-entire-original-dataset\DFD_original sequences\18__walk_down_hall_angry.mp4,real
C:\Users\Tanish Garg\.cache\kagglehub\datasets\sanikatiwarekar\deep-fake-detection-dfd-entire-original-dataset\DFD_original sequences\22__secret_conversation.mp4,real
C:\Users\Tanish Garg\.cache\kagglehub\datasets\sanikatiwarekar\deep-fake-detection-dfd-entire-original-dataset\DFD_manipulated_sequences\11_13__talking_angry_couch__61T622EK.mp4,fake
C:\Users\Tanish Garg\.cache\kagglehub\datasets\sanikatiwarekar\deep-fake-detection-dfd-entire-original-dataset\DFD_original sequences\02__walk_down_hall_angry.mp4,real
C:\Users\Tanish Garg\.cache\kagglehub\datasets\sanikatiwarekar\deep-fake-detection-dfd-entire-original-dataset\DFD_original sequences\10__talking_against_wall.mp4,real
C:\Users\Tanish Garg\.cache\kagglehub\datasets\sanikatiwarekar\deep-fake-detection-dfd-entire-original-dataset\DFD_manipulated_sequences\14_06__outside_talking_still_laughing__8U9ULZDT.mp4,fake
C:\Users\Tanish Garg\.cache\kagglehub\datasets\sanikatiwarekar\deep-fake-detection-dfd-entire-original-dataset\DFD_manipulated_sequences\03_21__kitchen_still__YCSEBZO4.mp4,fake
C:\Users\Tanish Garg\.cache\kagglehub\datasets\sanikatiwarekar\deep-fake-detection-dfd-entire-original-dataset\DFD_original sequences\27__hugging_happy.mp4,real
C:\Users\Tanish Garg\.cache\kagglehub\datasets\sanikatiwarekar\deep-fake-detection-dfd-entire-original-dataset\DFD_manipulated_sequences\25_20__exit_phone_room__FZHCQNKV.mp4,fake
C:\Users\Tanish Garg\.cache\kagglehub\datasets\sanikatiwarekar\deep-fake-detection-dfd-entire-original-dataset\DFD_manipulated_sequences\26_25__podium_speech_happy__0UFFR3U1.mp4,fake
C:\Users\Tanish Garg\.cache\kagglehub\datasets\sanikatiwarekar\deep-fake-detection-dfd-entire-original-dataset\DFD_original sequences\15__kitchen_pan.mp4,real
C:\Users\Tanish Garg\.cache\kagglehub\datasets\sanikatiwarekar\deep-fake-detection-dfd-entire-original-dataset\DFD_manipulated_sequences\25_18__walking_outside_cafe_disgusted__SEGFKFJG.mp4,fake
C:\Users\Tanish Garg\.cache\kagglehub\datasets\sanikatiwarekar\deep-fake-detection-dfd-entire-original-dataset\DFD_manipulated_sequences\02_15__talking_against_wall__HTG660F8.mp4,fake
C:\Users\Tanish Garg\.cache\kagglehub\datasets\sanikatiwarekar\deep-fake-detection-dfd-entire-original-dataset\DFD_manipulated_sequences\14_26__walking_outside_cafe_disgusted__ILLP29ZH.mp4,fake
C:\Users\Tanish Garg\.cache\kagglehub\datasets\sanikatiwarekar\deep-fake-detection-dfd-entire-original-dataset\DFD_manipulated_sequences\15_02__talking_against_wall__P2FAY3DR.mp4,fake
C:\Users\Tanish Garg\.cache\kagglehub\datasets\sanikatiwarekar\deep-fake-detection-dfd-entire-original-dataset\DFD_manipulated_sequences\04_01__walk_down_hall_angry__GBC7ZGDP.mp4,fake
C:\Users\Tanish Garg\.cache\kagglehub\datasets\sanikatiwarekar\deep-fake-detection-dfd-entire-original-dataset\DFD_original sequences\10__outside_talking_still_laughing.mp4,real
C:\Users\Tanish Garg\.cache\kagglehub\datasets\sanikatiwarekar\deep-fake-detection-dfd-entire-original-dataset\DFD_manipulated_sequences\03_07__walking_and_outside_surprised__IFSURI9X.mp4,fake
C:\Users\Tanish Garg\.cache\kagglehub\datasets\sanikatiwarekar\deep-fake-detection-dfd-entire-original-dataset\DFD_manipulated_sequences\11_21__secret_conversation__T7DK03O1.mp4,fake
C:\Users\Tanish Garg\.cache\kagglehub\datasets\sanikatiwarekar\deep-fake-detection-dfd-entire-original-dataset\DFD_original sequences\26__talking_against_wall.mp4,real
C:\Users\Tanish Garg\.cache\kagglehub\datasets\sanikatiwarekar\deep-fake-detection-dfd-entire-original-dataset\DFD_manipulated_sequences\06_11__talking_against_wall__C8C4FW99.mp4,fake
C:\Users\Tanish Garg\.cache\kagglehub\datasets\sanikatiwarekar\deep-fake-detection-dfd-entire-original-dataset\DFD_manipulated_sequences\04_12__kitchen_still__B6YJ9IW1.mp4,fake
C:\Users\Tanish Garg\.cache\kagglehub\datasets\sanikatiwarekar\deep-fake-detection-dfd-entire-original-dataset\DFD_original sequences\15__walk_down_hall_angry.mp4,real
C:\Users\Tanish Garg\.cache\kagglehub\datasets\sanikatiwarekar\deep-fake-detection-dfd-entire-original-dataset\DFD_original sequences\18__secret_conversation.mp4,real
C:\Users\Tanish Garg\.cache\kagglehub\datasets\sanikatiwarekar\deep-fake-detection-dfd-entire-original-dataset\DFD_original sequences\26__podium_speech_happy.mp4,real
C:\Users\Tanish Garg\.cache\kagglehub\datasets\sanikatiwarekar\deep-fake-detection-dfd-entire-original-dataset\DFD_manipulated_sequences\02_07__walk_down_hall_angry__1JCLEEBQ.mp4,fake
C:\Users\Tanish Garg\.cache\kagglehub\datasets\sanikatiwarekar\deep-fake-detection-dfd-entire-original-dataset\DFD_original sequences\03__secret_conversation.mp4,real
C:\Users\Tanish Garg\.cache\kagglehub\datasets\sanikatiwarekar\deep-fake-detection-dfd-entire-original-dataset\DFD_manipulated_sequences\14_27__outside_talking_pan_laughing__0KSONKQ2.mp4,fake
C:\Users\Tanish Garg\.cache\kagglehub\datasets\sanikatiwarekar\deep-fake-detection-dfd-entire-original-dataset\DFD_original sequences\20__kitchen_pan.mp4,real
C:\Users\Tanish Garg\.cache\kagglehub\datasets\sanikatiwarekar\deep-fake-detection-dfd-entire-original-dataset\DFD_manipulated_sequences\11_03__outside_talking_pan_laughing__P08VGHTA.mp4,fake
C:\Users\Tanish Garg\.cache\kagglehub\datasets\sanikatiwarekar\deep-fake-detection-dfd-entire-original-dataset\DFD_manipulated_sequences\27_25__hugging_happy__1KU29EUL.mp4,fake
C:\Users\Tanish Garg\.cache\kagglehub\datasets\sanikatiwarekar\deep-fake-detection-dfd-entire-original-dataset\DFD_original sequences\21__exit_phone_room.mp4,real
C:\Users\Tanish Garg\.cache\kagglehub\datasets\sanikatiwarekar\deep-fake-detection-dfd-entire-original-dataset\DFD_original sequences\20__talking_against_wall.mp4,real
C:\Users\Tanish Garg\.cache\kagglehub\datasets\sanikatiwarekar\deep-fake-detection-dfd-entire-original-dataset\DFD_original sequences\16__hugging_happy.mp4,real
C:\Users\Tanish Garg\.cache\kagglehub\datasets\sanikatiwarekar\deep-fake-detection-dfd-entire-original-dataset\DFD_original sequences\09__talking_angry_couch.mp4,real
C:\Users\Tanish Garg\.cache\kagglehub\datasets\sanikatiwarekar\deep-fake-detection-dfd-entire-original-dataset\DFD_original sequences\13__podium_speech_happy.mp4,real
C:\Users\Tanish Garg\.cache\kagglehub\datasets\sanikatiwarekar\deep-fake-detection-dfd-entire-original-dataset\DFD_manipulated_sequences\13_26__walking_outside_cafe_disgusted__SU8J9CBG.mp4,fake
C:\Users\Tanish Garg\.cache\kagglehub\datasets\sanikatiwarekar\deep-fake-detection-dfd-entire-original-dataset\DFD_manipulated_sequences\18_03__kitchen_pan__22UBC0BS.mp4,fake
C:\Users\Tanish Garg\.cache\kagglehub\datasets\sanikatiwarekar\deep-fake-detection-dfd-entire-original-dataset\DFD_original sequences\18__talking_against_wall.mp4,real
C:\Users\Tanish Garg\.cache\kagglehub\datasets\sanikatiwarekar\deep-fake-detection-dfd-entire-original-dataset\DFD_original sequences\11__exit_phone_room.mp4,real
C:\Users\Tanish Garg\.cache\kagglehub\datasets\sanikatiwarekar\deep-fake-detection-dfd-entire-original-dataset\DFD_manipulated_sequences\21_01__outside_talking_pan_laughing__03X7CELV.mp4,fake
C:\Users\Tanish Garg\.cache\kagglehub\datasets\sanikatiwarekar\deep-fake-detection-dfd-entire-original-dataset\DFD_original sequences\24__outside_talking_still_laughing.mp4,real
C:\Users\Tanish Garg\.cache\kagglehub\datasets\sanikatiwarekar\deep-fake-detection-dfd-entire-original-dataset\DFD_original sequences\13__walking_down_street_outside_angry.mp4,real
C:\Users\Tanish Garg\.cache\kagglehub\datasets\sanikatiwarekar\deep-fake-detection-dfd-entire-original-dataset\DFD_original sequences\02__hugging_happy.mp4,real
C:\Users\Tanish Garg\.cache\kagglehub\datasets\sanikatiwarekar\deep-fake-detection-dfd-entire-original-dataset\DFD_original sequences\11__podium_speech_happy.mp4,real
C:\Users\Tanish Garg\.cache\kagglehub\datasets\sanikatiwarekar\deep-fake-detection-dfd-entire-original-dataset\DFD_manipulated_sequences\25_12__walking_down_street_outside_angry__MA71PDNV.mp4,fake
C:\Users\Tanish Garg\.cache\kagglehub\datasets\sanikatiwarekar\deep-fake-detection-dfd-entire-original-dataset\DFD_manipulated_sequences\27_01__outside_talking_still_laughing__ZYCZ30C0.mp4,fake
C:\Users\Tanish Garg\.cache\kagglehub\datasets\sanikatiwarekar\deep-fake-detection-dfd-entire-original-dataset\DFD_original sequences\09__talking_against_wall.mp4,real
C:\Users\Tanish Garg\.cache\kagglehub\datasets\sanikatiwarekar\deep-fake-detection-dfd-entire-original-dataset\DFD_manipulated_sequences\20_15__kitchen_pan__99NHTFBM.mp4,fake
C:\Users\Tanish Garg\.cache\kagglehub\datasets\sanikatiwarekar\deep-fake-detection-dfd-entire-original-dataset\DFD_original sequences\21__kitchen_still.mp4,real
C:\Users\Tanish Garg\.cache\kagglehub\datasets\sanikatiwarekar\deep-fake-detection-dfd-entire-original-dataset\DFD_manipulated_sequences\18_03__walk_down_hall_angry__22UBC0BS.mp4,fake
C:\Users\Tanish Garg\.cache\kagglehub\datasets\sanikatiwarekar\deep-fake-detection-dfd-entire-original-dataset\DFD_manipulated_sequences\20_09__walking_down_indoor_hall_disgust__9OJQX9KV.mp4,fake
C:\Users\Tanish Garg\.cache\kagglehub\datasets\sanikatiwarekar\deep-fake-detection-dfd-entire-original-dataset\DFD_original sequences\12__walking_and_outside_surprised.mp4,real
C:\Users\Tanish Garg\.cache\kagglehub\datasets\sanikatiwarekar\deep-fake-detection-dfd-entire-original-dataset\DFD_manipulated_sequences\20_03__talking_against_wall__9NFWR304.mp4,fake
C:\Users\Tanish Garg\.cache\kagglehub\datasets\sanikatiwarekar\deep-fake-detection-dfd-entire-original-dataset\DFD_manipulated_sequences\20_13__hugging_happy__EV1V4ZQV.mp4,fake
C:\Users\Tanish Garg\.cache\kagglehub\datasets\sanikatiwarekar\deep-fake-detection-dfd-entire-original-dataset\DFD_manipulated_sequences\06_15__exit_phone_room__QRCD27P8.mp4,fake
C:\Users\Tanish Garg\.cache\kagglehub\datasets\sanikatiwarekar\deep-fake-detection-dfd-entire-original-dataset\DFD_original sequences\13__talking_angry_couch.mp4,real
C:\Users\Tanish Garg\.cache\kagglehub\datasets\sanikatiwarekar\deep-fake-detection-dfd-entire-original-dataset\DFD_manipulated_sequences\02_14__podium_speech_happy__3IUBEKCT.mp4,fake
C:\Users\Tanish Garg\.cache\kagglehub\datasets\sanikatiwarekar\deep-fake-detection-dfd-entire-original-dataset\DFD_manipulated_sequences\23_22__secret_conversation__AKZRL2QD.mp4,fake
C:\Users\Tanish Garg\.cache\kagglehub\datasets\sanikatiwarekar\deep-fake-detection-dfd-entire-original-dataset\DFD_manipulated_sequences\20_14__walking_down_street_outside_angry__3HWOJRAM.mp4,fake
C:\Users\Tanish Garg\.cache\kagglehub\datasets\sanikatiwarekar\deep-fake-detection-dfd-entire-original-dataset\DFD_manipulated_sequences\04_11__walking_outside_cafe_disgusted__8FD8U22M.mp4,fake
C:\Users\Tanish Garg\.cache\kagglehub\datasets\sanikatiwarekar\deep-fake-detection-dfd-entire-original-dataset\DFD_original sequences\14__podium_speech_happy.mp4,real
C:\Users\Tanish Garg\.cache\kagglehub\datasets\sanikatiwarekar\deep-fake-detection-dfd-entire-original-dataset\DFD_original sequences\03__podium_speech_happy.mp4,real
C:\Users\Tanish Garg\.cache\kagglehub\datasets\sanikatiwarekar\deep-fake-detection-dfd-entire-original-dataset\DFD_original sequences\26__kitchen_still.mp4,real
C:\Users\Tanish Garg\.cache\kagglehub\datasets\sanikatiwarekar\deep-fake-detection-dfd-entire-original-dataset\DFD_original sequences\22__outside_talking_pan_laughing.mp4,real
C:\Users\Tanish Garg\.cache\kagglehub\datasets\sanikatiwarekar\deep-fake-detection-dfd-entire-original-dataset\DFD_original sequences\12__walking_down_street_outside_angry.mp4,real
C:\Users\Tanish Garg\.cache\kagglehub\datasets\sanikatiwarekar\deep-fake-detection-dfd-entire-original-dataset\DFD_manipulated_sequences\18_11__talking_against_wall__R1NMCHKG.mp4,fake
C:\Users\Tanish Garg\.cache\kagglehub\datasets\sanikatiwarekar\deep-fake-detection-dfd-entire-original-dataset\DFD_original sequences\18__outside_talking_pan_laughing.mp4,real
C:\Users\Tanish Garg\.cache\kagglehub\datasets\sanikatiwarekar\deep-fake-detection-dfd-entire-original-dataset\DFD_manipulated_sequences\01_15__kitchen_pan__02HILKYO.mp4,fake
C:\Users\Tanish Garg\.cache\kagglehub\datasets\sanikatiwarekar\deep-fake-detection-dfd-entire-original-dataset\DFD_original sequences\03__meeting_serious.mp4,real
C:\Users\Tanish Garg\.cache\kagglehub\datasets\sanikatiwarekar\deep-fake-detection-dfd-entire-original-dataset\DFD_manipulated_sequences\01_26__exit_phone_room__BTVMWLG6.mp4,fake
